,team,rating,date,Unnamed: 0
0,Man. City,93.4,2022-04-13 00:07:20.122109,
1,Liverpool,93.3,2022-04-13 00:07:20.122109,
2,Bayern Munich,92.7,2022-04-13 00:07:20.122109,
3,Chelsea,88.6,2022-04-13 00:07:20.122109,
4,Barcelona,85.8,2022-04-13 00:07:20.122109,
5,Ajax,84.9,2022-04-13 00:07:20.122109,
6,Real Madrid,84.2,2022-04-13 00:07:20.122109,
7,RB Leipzig,83.9,2022-04-13 00:07:20.122109,
8,PSG,83.6,2022-04-13 00:07:20.122109,
9,Inter Milan,82.1,2022-04-13 00:07:20.122109,
10,Tottenham,81.7,2022-04-13 00:07:20.122109,
11,Arsenal,81.3,2022-04-13 00:07:20.122109,
12,Dortmund,80.7,2022-04-13 00:07:20.122109,
13,Villarreal,80.1,2022-04-13 00:07:20.122109,
14,RB Salzburg,79.3,2022-04-13 00:07:20.122109,
15,Atlético Madrid,79.3,2022-04-13 00:07:20.122109,
16,Porto,79.2,2022-04-13 00:07:20.122109,
17,Man. United,78.3,2022-04-13 00:07:20.122109,
18,Athletic Bilbao,78.1,2022-04-13 00:07:20.122109,
19,Atalanta,77.2,2022-04-13 00:07:20.122109,
20,Leverkusen,77.1,2022-04-13 00:07:20.122109,
21,Sporting,76.8,2022-04-13 00:07:20.122109,
22,AC Milan,76.4,2022-04-13 00:07:20.122109,
23,Napoli,76.0,2022-04-13 00:07:20.122109,
24,Aston Villa,75.8,2022-04-13 00:07:20.122109,
25,Real Sociedad,75.6,2022-04-13 00:07:20.122109,
26,Real Betis,74.7,2022-04-13 00:07:20.122109,
27,Brighton,74.7,2022-04-13 00:07:20.122109,
28,PSV,74.6,2022-04-13 00:07:20.122109,
29,Crystal Palace,74.4,2022-04-13 00:07:20.122109,
30,Juventus,74.3,2022-04-13 00:07:20.122109,
31,Mainz,74.2,2022-04-13 00:07:20.122109,
32,Rennes,73.8,2022-04-13 00:07:20.122109,
33,Feyenoord,73.8,2022-04-13 00:07:20.122109,
34,Sevilla,73.5,2022-04-13 00:07:20.122109,
35,Benfica,73.4,2022-04-13 00:07:20.122109,
36,Fiorentina,73.4,2022-04-13 00:07:20.122109,
37,Celta Vigo,73.4,2022-04-13 00:07:20.122109,
38,Roma,73.3,2022-04-13 00:07:20.122109,
39,Lyon,73.1,2022-04-13 00:07:20.122109,
40,Lazio,73.0,2022-04-13 00:07:20.122109,
41,Brentford,72.1,2022-04-13 00:07:20.122109,
42,Monaco,72.0,2022-04-13 00:07:20.122109,
43,Lille,71.7,2022-04-13 00:07:20.122109,
44,Wolves,71.6,2022-04-13 00:07:20.122109,
45,West Ham,71.5,2022-04-13 00:07:20.122109,
46,Zenit,71.2,2022-04-13 00:07:20.122109,
47,Union Berlin,70.8,2022-04-13 00:07:20.122109,
48,Hoffenheim,70.7,2022-04-13 00:07:20.122109,
49,1. FC Köln,70.3,2022-04-13 00:07:20.122109,
50,SC Freiburg,70.2,2022-04-13 00:07:20.122109,
51,Strasbourg,69.9,2022-04-13 00:07:20.122109,
52,Gladbach,69.9,2022-04-13 00:07:20.122109,
53,Valencia,69.8,2022-04-13 00:07:20.122109,
54,Marseille,69.6,2022-04-13 00:07:20.122109,
55,Eintracht,69.5,2022-04-13 00:07:20.122109,
56,Leicester,69.5,2022-04-13 00:07:20.122109,
57,Getafe,69.1,2022-04-13 00:07:20.122109,
58,Celtic,69.1,2022-04-13 00:07:20.122109,
59,Osasuna,68.9,2022-04-13 00:07:20.122109,
60,Torino,68.0,2022-04-13 00:07:20.122109,
61,Udinese,67.6,2022-04-13 00:07:20.122109,
62,Flamengo,67.5,2022-04-13 00:07:20.122109,
63,Wolfsburg,67.2,2022-04-13 00:07:20.122109,
64,Newcastle,67.1,2022-04-13 00:07:20.122109,
65,VfL Bochum,66.8,2022-04-13 00:07:20.122109,
66,Rayo Vallecano,66.7,2022-04-13 00:07:20.122109,
67,Verona,66.6,2022-04-13 00:07:20.122109,
68,Southampton,66.3,2022-04-13 00:07:20.122109,
69,Dinamo Zagreb,64.9,2022-04-13 00:07:20.122109,
70,Braga,64.9,2022-04-13 00:07:20.122109,
71,Slavia Prague,64.8,2022-04-13 00:07:20.122109,
72,AZ Alkmaar,64.8,2022-04-13 00:07:20.122109,
73,Sassuolo,64.5,2022-04-13 00:07:20.122109,
74,Fulham,64.0,2022-04-13 00:07:20.122109,
75,Atlético Mineiro,64.0,2022-04-13 00:07:20.122109,
76,Rangers,64.0,2022-04-13 00:07:20.122109,
77,Club Brugge,63.7,2022-04-13 00:07:20.122109,
78,Shakhtar,63.7,2022-04-13 00:07:20.122109,
79,Leeds United,63.7,2022-04-13 00:07:20.122109,
80,VfB Stuttgart,63.1,2022-04-13 00:07:20.122109,
81,Espanyol,62.9,2022-04-13 00:07:20.122109,
82,FC Augsburg,62.9,2022-04-13 00:07:20.122109,
83,Palmeiras,62.8,2022-04-13 00:07:20.122109,
84,Everton,62.7,2022-04-13 00:07:20.122109,
85,Burnley,62.7,2022-04-13 00:07:20.122109,
86,Levante,62.6,2022-04-13 00:07:20.122109,
87,Twente,62.4,2022-04-13 00:07:20.122109,
88,Monterrey,62.1,2022-04-13 00:07:20.122109,
89,Mallorca,61.9,2022-04-13 00:07:20.122109,
90,River Plate,61.3,2022-04-13 00:07:20.122109,
91,Elche,61.2,2022-04-13 00:07:20.122109,
92,Nantes,61.2,2022-04-13 00:07:20.122109,
93,Lens,61.2,2022-04-13 00:07:20.122109,
94,Olympiacos,61.1,2022-04-13 00:07:20.122109,
95,Tigres UANL,60.9,2022-04-13 00:07:20.122109,
96,Anderlecht,60.9,2022-04-13 00:07:20.122109,
97,Nice,60.6,2022-04-13 00:07:20.122109,
98,Bologna,60.6,2022-04-13 00:07:20.122109,
99,Copenhagen,60.3,2022-04-13 00:07:20.122109,
100,Genk,59.9,2022-04-13 00:07:20.122109,
101,Cádiz,59.7,2022-04-13 00:07:20.122109,
102,Gent,59.6,2022-04-13 00:07:20.122109,
103,Utrecht,59.5,2022-04-13 00:07:20.122109,
104,Watford,59.0,2022-04-13 00:07:20.122109,
105,Dynamo Kiev,58.9,2022-04-13 00:07:20.122109,
106,Reims,58.4,2022-04-13 00:07:20.122109,
107,Fenerbahçe,57.6,2022-04-13 00:07:20.122109,
108,Bodø/Glimt,57.6,2022-04-13 00:07:20.122109,
109,Trabzonspor,57.3,2022-04-13 00:07:20.122109,
110,Club América,57.2,2022-04-13 00:07:20.122109,
111,Union SG,57.1,2022-04-13 00:07:20.122109,
112,Toulouse,57.0,2022-04-13 00:07:20.122109,
113,São Paulo,56.8,2022-04-13 00:07:20.122109,
114,Alavés,56.7,2022-04-13 00:07:20.122109,
115,Pachuca,56.7,2022-04-13 00:07:20.122109,
116,Brest,56.6,2022-04-13 00:07:20.122109,
117,Vitesse,56.5,2022-04-13 00:07:20.122109,
118,Red Star,56.4,2022-04-13 00:07:20.122109,
119,Hertha BSC,56.3,2022-04-13 00:07:20.122109,
120,Dinamo Moscow,56.3,2022-04-13 00:07:20.122109,
121,Gil Vicente,56.3,2022-04-13 00:07:20.122109,
122,Granada,56.1,2022-04-13 00:07:20.122109,
123,Boca Juniors,56.0,2022-04-13 00:07:20.122109,
124,Corinthians,55.9,2022-04-13 00:07:20.122109,
125,Krasnodar,55.7,2022-04-13 00:07:20.122109,
126,Angers,55.5,2022-04-13 00:07:20.122109,
127,Sparta Prague,55.3,2022-04-13 00:07:20.122109,
128,Montpellier,55.3,2022-04-13 00:07:20.122109,
129,Sampdoria,55.2,2022-04-13 00:07:20.122109,
130,CSKA Moscow,55.2,2022-04-13 00:07:20.122109,
131,Lorient,55.2,2022-04-13 00:07:20.122109,
132,Young Boys,55.1,2022-04-13 00:07:20.122109,
133,Cruz Azul,54.8,2022-04-13 00:07:20.122109,
134,Bournemouth,54.8,2022-04-13 00:07:20.122109,
135,Empoli,54.6,2022-04-13 00:07:20.122109,
136,Ferencváros,54.2,2022-04-13 00:07:20.122109,
137,Guimarães,54.1,2022-04-13 00:07:20.122109,
138,LAFC,53.7,2022-04-13 00:07:20.122109,
139,Norwich,53.7,2022-04-13 00:07:20.122109,
140,PAOK,53.7,2022-04-13 00:07:20.122109,
141,Kawasaki,53.7,2022-04-13 00:07:20.122109,
142,Troyes,53.5,2022-04-13 00:07:20.122109,
143,Fluminense,53.3,2022-04-13 00:07:20.122109,
144,Basel,53.0,2022-04-13 00:07:20.122109,
145,Sturm Graz,53.0,2022-04-13 00:07:20.122109,
146,Midtjylland,53.0,2022-04-13 00:07:20.122109,
147,Nottm Forest,53.0,2022-04-13 00:07:20.122109,
148,Molde,52.9,2022-04-13 00:07:20.122109,
149,Sochi,52.7,2022-04-13 00:07:20.122109,
150,Sheffield Utd,52.5,2022-04-13 00:07:20.122109,
151,Bragantino,52.4,2022-04-13 00:07:20.122109,
152,Spartak Moscow,52.1,2022-04-13 00:07:20.122109,
153,NYCFC,52.1,2022-04-13 00:07:20.122109,
154,Atlas,51.9,2022-04-13 00:07:20.122109,
155,Famalicão,51.8,2022-04-13 00:07:20.122109,
156,Santos Laguna,51.8,2022-04-13 00:07:20.122109,
157,LASK Linz,51.6,2022-04-13 00:07:20.122109,
158,Genoa,51.5,2022-04-13 00:07:20.122109,
159,Internacional,51.4,2022-04-13 00:07:20.122109,
160,Arminia,51.2,2022-04-13 00:07:20.122109,
161,Rapid Vienna,51.1,2022-04-13 00:07:20.122109,
162,Middlesbrough,51.0,2022-04-13 00:07:20.122109,
163,Cagliari,50.7,2022-04-13 00:07:20.122109,
164,Yokohama FM,50.7,2022-04-13 00:07:20.122109,
165,Partizan,50.3,2022-04-13 00:07:20.122109,
166,Maccabi Tel-Aviv,50.2,2022-04-13 00:07:20.122109,
167,Antwerp,50.2,2022-04-13 00:07:20.122109,
168,Spezia,50.0,2022-04-13 00:07:20.122109,
169,Greuther Fürth,49.8,2022-04-13 00:07:20.122109,
170,Legia Warsaw,49.8,2022-04-13 00:07:20.122109,
171,Santa Clara,49.7,2022-04-13 00:07:20.122109,
172,Justicia,49.3,2022-04-13 00:07:20.122109,
173,Coventry City,49.2,2022-04-13 00:07:20.122109,
174,Atlético-PR,48.8,2022-04-13 00:07:20.122109,
175,Werder Bremen,48.7,2022-04-13 00:07:20.122109,
176,Clermont,48.6,2022-04-13 00:07:20.122109,
177,Zürich,48.6,2022-04-13 00:07:20.122109,
178,América Mineiro,48.6,2022-04-13 00:07:20.122109,
179,Boavista,48.6,2022-04-13 00:07:20.122109,
180,Schalke 04,48.4,2022-04-13 00:07:20.122109,
181,Beşiktaş,48.4,2022-04-13 00:07:20.122109,
182,Groningen,48.3,2022-04-13 00:07:20.122109,
183,Luton Town,48.2,2022-04-13 00:07:20.122109,
184,Santos,48.0,2022-04-13 00:07:20.122109,
185,Guadalajara,48.0,2022-04-13 00:07:20.122109,
186,Fortaleza,47.9,2022-04-13 00:07:20.122109,
187,St Étienne,47.8,2022-04-13 00:07:20.122109,
188,West Brom,47.8,2022-04-13 00:07:20.122109,
189,León,47.8,2022-04-13 00:07:20.122109,
190,Puebla,47.7,2022-04-13 00:07:20.122109,
191,Portimonense,47.7,2022-04-13 00:07:20.122109,
192,Sheriff,47.7,2022-04-13 00:07:20.122109,
193,Kashima Antlers,47.7,2022-04-13 00:07:20.122109,
194,Ceará,47.7,2022-04-13 00:07:20.122109,
195,Estoril,47.6,2022-04-13 00:07:20.122109,
196,Philadelphia,47.5,2022-04-13 00:07:20.122109,
197,Başakşehir,47.4,2022-04-13 00:07:20.122109,
198,Austria Vienna,47.3,2022-04-13 00:07:20.122109,
199,Rosenborg,47.1,2022-04-13 00:07:20.122109,
200,Heerenveen,46.8,2022-04-13 00:07:20.122109,
201,Bordeaux,46.8,2022-04-13 00:07:20.122109,
202,Heracles,46.7,2022-04-13 00:07:20.122109,
203,Vélez Sarsfield,46.6,2022-04-13 00:07:20.122109,
204,Stoke City,46.6,2022-04-13 00:07:20.122109,
205,Charleroi,46.5,2022-04-13 00:07:20.122109,
206,Columbus,46.4,2022-04-13 00:07:20.122109,
207,Panathinaikos,46.4,2022-04-13 00:07:20.122109,
208,St. Gallen,46.3,2022-04-13 00:07:20.122109,
209,Hamburger SV,46.1,2022-04-13 00:07:20.122109,
210,Paços Ferreira,46.1,2022-04-13 00:07:20.122109,
211,Monza,46.0,2022-04-13 00:07:20.122109,
212,NY Red Bulls,45.9,2022-04-13 00:07:20.122109,
213,Demirspor,45.9,2022-04-13 00:07:20.122109,
214,Sint-Truidense,45.9,2022-04-13 00:07:20.122109,
215,Benevento,45.9,2022-04-13 00:07:20.122109,
216,Anorthosis,45.9,2022-04-13 00:07:20.122109,
217,AaB,45.8,2022-04-13 00:07:20.122109,
218,Qarabağ,45.7,2022-04-13 00:07:20.122109,
219,Rostov,45.7,2022-04-13 00:07:20.122109,
220,Mechelen,45.6,2022-04-13 00:07:20.122109,
221,Malmö,45.5,2022-04-13 00:07:20.122109,
222,Millwall,45.5,2022-04-13 00:07:20.122109,
223,Vizela,45.3,2022-04-13 00:07:20.122109,
224,Lokomotiv,45.2,2022-04-13 00:07:20.122109,
225,Krylia Sovetov,45.2,2022-04-13 00:07:20.122109,
226,Venezia,45.1,2022-04-13 00:07:20.122109,
227,Preston,45.0,2022-04-13 00:07:20.122109,
228,LA Galaxy,44.8,2022-04-13 00:07:20.122109,
229,Salernitana,44.5,2022-04-13 00:07:20.122109,
230,Konyaspor,44.5,2022-04-13 00:07:20.122109,
231,Hearts,44.4,2022-04-13 00:07:20.122109,
232,Alanyaspor,44.4,2022-04-13 00:07:20.122109,
233,Galatasaray,44.3,2022-04-13 00:07:20.122109,
234,Seattle,44.3,2022-04-13 00:07:20.122109,
235,CSKA Sofia,44.2,2022-04-13 00:07:20.122109,
236,Urawa Reds,44.2,2022-04-13 00:07:20.122109,
237,Blackburn,44.1,2022-04-13 00:07:20.122109,
238,Cercle Brugge,44.1,2022-04-13 00:07:20.122109,
239,Pumas UNAM,43.8,2022-04-13 00:07:20.122109,
240,Estudiantes,43.6,2022-04-13 00:07:20.122109,
241,Nashville,43.6,2022-04-13 00:07:20.122109,
242,Lecce,43.6,2022-04-13 00:07:20.122109,
243,New England,43.6,2022-04-13 00:07:20.122109,
244,CFR Cluj,43.3,2022-04-13 00:07:20.122109,
245,Huddersfield,43.2,2022-04-13 00:07:20.122109,
246,Argentinos,43.0,2022-04-13 00:07:20.122109,
247,Swansea City,42.9,2022-04-13 00:07:20.122109,
248,Silkeborg,42.9,2022-04-13 00:07:20.122109,
249,Kasımpaşa,42.6,2022-04-13 00:07:20.122109,
250,Guangzhou E.,42.6,2022-04-13 00:07:20.122109,
251,Darmstadt 98,42.6,2022-04-13 00:07:20.122109,
252,Omonia Nicosia,42.5,2022-04-13 00:07:20.122109,
253,NEC,42.4,2022-04-13 00:07:20.122109,
254,Orlando City,42.4,2022-04-13 00:07:20.122109,
255,Go Ahead,42.4,2022-04-13 00:07:20.122109,
256,Cardiff City,42.4,2022-04-13 00:07:20.122109,
257,Marítimo,42.3,2022-04-13 00:07:20.122109,
258,AEK Athens,42.3,2022-04-13 00:07:20.122109,
259,Sparta,42.2,2022-04-13 00:07:20.122109,
260,Valladolid,42.2,2022-04-13 00:07:20.122109,
261,Colorado,42.1,2022-04-13 00:07:20.122109,
262,Blackpool,42.1,2022-04-13 00:07:20.122109,
263,Moreirense,42.1,2022-04-13 00:07:20.122109,
264,Arouca,42.0,2022-04-13 00:07:20.122109,
265,Wolfsberg,41.9,2022-04-13 00:07:20.122109,
266,Akhmat Grozny,41.8,2022-04-13 00:07:20.122109,
267,Atlético,41.8,2022-04-13 00:07:20.122109,
268,Juventude,41.8,2022-04-13 00:07:20.122109,
269,Metz,41.7,2022-04-13 00:07:20.122109,
270,Ludogorets,41.7,2022-04-13 00:07:20.122109,
271,Talleres,41.7,2022-04-13 00:07:20.122109,
272,Viking,41.6,2022-04-13 00:07:20.122109,
273,Unión,41.6,2022-04-13 00:07:20.122109,
274,Atlanta,41.5,2022-04-13 00:07:20.122109,
275,Minnesota,41.4,2022-04-13 00:07:20.122109,
276,Cuiabá,41.4,2022-04-13 00:07:20.122109,
277,Lanús,41.4,2022-04-13 00:07:20.122109,
278,QPR,41.3,2022-04-13 00:07:20.122109,
279,Parma,41.3,2022-04-13 00:07:20.122109,
280,Brøndby,41.2,2022-04-13 00:07:20.122109,
281,Birmingham,41.2,2022-04-13 00:07:20.122109,
282,Almería,41.1,2022-04-13 00:07:20.122109,
283,Independiente,41.0,2022-04-13 00:07:20.122109,
284,Girona,40.9,2022-04-13 00:07:20.122109,
285,Coritiba,40.9,2022-04-13 00:07:20.122109,
286,FC Dallas,40.9,2022-04-13 00:07:20.122109,
287,Antalyaspor,40.7,2022-04-13 00:07:20.122109,
288,PEC Zwolle,40.7,2022-04-13 00:07:20.122109,
289,Hammarby,40.6,2022-04-13 00:07:20.122109,
290,Tijuana,40.6,2022-04-13 00:07:20.122109,
291,Slovan,40.5,2022-04-13 00:07:20.122109,
292,Sivasspor,40.3,2022-04-13 00:07:20.122109,
293,San Luis,40.3,2022-04-13 00:07:20.122109,
294,Aris,40.1,2022-04-13 00:07:20.122109,
295,Banfield,40.1,2022-04-13 00:07:20.122109,
296,Huracán,40.0,2022-04-13 00:07:20.122109,
297,Derby County,39.6,2022-04-13 00:07:20.122109,
298,Rubin Kazan,39.6,2022-04-13 00:07:20.122109,
299,Brescia,39.6,2022-04-13 00:07:20.122109,
300,Botafogo,39.6,2022-04-13 00:07:20.122109,
301,Fortuna,39.3,2022-04-13 00:07:20.122109,
302,Cerezo Osaka,39.3,2022-04-13 00:07:20.122109,
303,Vålerenga,39.3,2022-04-13 00:07:20.122109,
304,Necaxa,39.2,2022-04-13 00:07:20.122109,
305,Querétaro,39.0,2022-04-13 00:07:20.122109,
306,Beijing Guoan,39.0,2022-04-13 00:07:20.122109,
307,Huesca,38.7,2022-04-13 00:07:20.122109,
308,Randers,38.7,2022-04-13 00:07:20.122109,
309,Shanghai SIPG,38.6,2022-04-13 00:07:20.122109,
310,GFK,38.5,2022-04-13 00:07:20.122109,
311,AGF Aarhus,38.5,2022-04-13 00:07:20.122109,
312,Toluca,38.5,2022-04-13 00:07:20.122109,
313,Cremonese,38.4,2022-04-13 00:07:20.122109,
314,Zorya Luhansk,38.3,2022-04-13 00:07:20.122109,
315,Lillestrøm,38.3,2022-04-13 00:07:20.122109,
316,Central Córdoba,38.3,2022-04-13 00:07:20.122109,
317,Caen,38.2,2022-04-13 00:07:20.122109,
318,Auxerre,38.2,2022-04-13 00:07:20.122109,
319,FC Tokyo,38.1,2022-04-13 00:07:20.122109,
320,Avaí,38.0,2022-04-13 00:07:20.122109,
321,Hatayspor,38.0,2022-04-13 00:07:20.122109,
322,Goiás,37.8,2022-04-13 00:07:20.122109,
323,RKC,37.7,2022-04-13 00:07:20.122109,
324,Portland,37.5,2022-04-13 00:07:20.122109,
325,Dijon FCO,37.4,2022-04-13 00:07:20.122109,
326,Frosinone,37.4,2022-04-13 00:07:20.122109,
327,Tondela,37.4,2022-04-13 00:07:20.122109,
328,Sporting KC,37.4,2022-04-13 00:07:20.122109,
329,Karlsruher SC,37.3,2022-04-13 00:07:20.122109,
330,Paris FC,37.3,2022-04-13 00:07:20.122109,
331,Mazatlán,37.3,2022-04-13 00:07:20.122109,
332,Austin FC,37.3,2022-04-13 00:07:20.122109,
333,Real Salt Lake,37.3,2022-04-13 00:07:20.122109,
334,Rosario Central,37.3,2022-04-13 00:07:20.122109,
335,Kairat Almaty,37.2,2022-04-13 00:07:20.122109,
336,Vissel Kobe,37.1,2022-04-13 00:07:20.122109,
337,Montréal,37.0,2022-04-13 00:07:20.122109,
338,Las Palmas,37.0,2022-04-13 00:07:20.122109,
339,Racing,37.0,2022-04-13 00:07:20.122109,
340,Cambuur,36.9,2022-04-13 00:07:20.122109,
341,Hull City,36.9,2022-04-13 00:07:20.122109,
342,FC Khimki,36.9,2022-04-13 00:07:20.122109,
343,Nagoya,36.8,2022-04-13 00:07:20.122109,
344,Ural,36.6,2022-04-13 00:07:20.122109,
345,Flora,36.6,2022-04-13 00:07:20.122109,
346,FC St. Pauli,36.6,2022-04-13 00:07:20.122109,
347,Amiens,36.6,2022-04-13 00:07:20.122109,
348,Aberdeen,36.5,2022-04-13 00:07:20.122109,
349,Kortrijk,36.4,2022-04-13 00:07:20.122109,
350,Chicago,36.3,2022-04-13 00:07:20.122109,
351,SC Paderborn,36.2,2022-04-13 00:07:20.122109,
352,FC Juárez,36.1,2022-04-13 00:07:20.122109,
353,Bristol City,36.1,2022-04-13 00:07:20.122109,
354,Newell's,36.1,2022-04-13 00:07:20.122109,
355,Heidenheim,36.0,2022-04-13 00:07:20.122109,
356,Melbourne City,36.0,2022-04-13 00:07:20.122109,
357,Godoy Cruz,35.8,2022-04-13 00:07:20.122109,
358,Gimnasia,35.8,2022-04-13 00:07:20.122109,
359,Ross County,35.8,2022-04-13 00:07:20.122109,
360,Sanfrecce,35.8,2022-04-13 00:07:20.122109,
361,Elfsborg,35.7,2022-04-13 00:07:20.122109,
362,M. Sundowns,35.6,2022-04-13 00:07:20.122109,
363,Lugano,35.6,2022-04-13 00:07:20.122109,
364,Oviedo,35.5,2022-04-13 00:07:20.122109,
365,Sochaux,35.5,2022-04-13 00:07:20.122109,
366,Belenenses,35.3,2022-04-13 00:07:20.122109,
367,Servette,35.3,2022-04-13 00:07:20.122109,
368,D.C. United,35.2,2022-04-13 00:07:20.122109,
369,San Lorenzo,35.0,2022-04-13 00:07:20.122109,
370,SK Austria,35.0,2022-04-13 00:07:20.122109,
371,Odense,35.0,2022-04-13 00:07:20.122109,
372,Livingston,34.9,2022-04-13 00:07:20.122109,
373,Ufa,34.7,2022-04-13 00:07:20.122109,
374,Hartberg,34.7,2022-04-13 00:07:20.122109,
375,Karagümrükspor,34.6,2022-04-13 00:07:20.122109,
376,Tenerife,34.5,2022-04-13 00:07:20.122109,
377,Kayserispor,34.5,2022-04-13 00:07:20.122109,
378,AIK,34.5,2022-04-13 00:07:20.122109,
379,Standard Liège,34.4,2022-04-13 00:07:20.122109,
380,Ried,34.3,2022-04-13 00:07:20.122109,
381,Djurgården,34.2,2022-04-13 00:07:20.122109,
382,Fortuna Sittard,34.2,2022-04-13 00:07:20.122109,
383,Viborg,34.2,2022-04-13 00:07:20.122109,
384,Dundee Utd,34.1,2022-04-13 00:07:20.122109,
385,Toronto FC,34.1,2022-04-13 00:07:20.122109,
386,Vancouver,34.1,2022-04-13 00:07:20.122109,
387,Colón,33.9,2022-04-13 00:07:20.122109,
388,Hansa Rostock,33.7,2022-04-13 00:07:20.122109,
389,Willem II,33.6,2022-04-13 00:07:20.122109,
390,Hibernian,33.6,2022-04-13 00:07:20.122109,
391,Nizhny Novgorod,33.5,2022-04-13 00:07:20.122109,
392,Jablonec,33.5,2022-04-13 00:07:20.122109,
393,Reading,33.5,2022-04-13 00:07:20.122109,
394,Holstein Kiel,33.5,2022-04-13 00:07:20.122109,
395,Platense,33.5,2022-04-13 00:07:20.122109,
396,Sion,33.4,2022-04-13 00:07:20.122109,
397,Cittadella,33.3,2022-04-13 00:07:20.122109,
398,San Jose,33.2,2022-04-13 00:07:20.122109,
399,NS Mura,33.2,2022-04-13 00:07:20.122109,
400,Ascoli,33.1,2022-04-13 00:07:20.122109,
401,Häcken,33.1,2022-04-13 00:07:20.122109,
402,OH Leuven,33.0,2022-04-13 00:07:20.122109,
403,Zaragoza,33.0,2022-04-13 00:07:20.122109,
404,Mirandés,33.0,2022-04-13 00:07:20.122109,
405,Giresunspor,32.9,2022-04-13 00:07:20.122109,
406,Hannover 96,32.8,2022-04-13 00:07:20.122109,
407,Leganés,32.8,2022-04-13 00:07:20.122109,
408,Eibar,32.7,2022-04-13 00:07:20.122109,
409,Pisa,32.6,2022-04-13 00:07:20.122109,
410,Göteborg,32.5,2022-04-13 00:07:20.122109,
411,Nürnberg,32.5,2022-04-13 00:07:20.122109,
412,Sheffield Wed.,32.4,2022-04-13 00:07:20.122109,
413,Motherwell,32.4,2022-04-13 00:07:20.122109,
414,Asteras Tripoli,32.4,2022-04-13 00:07:20.122109,
415,Kashiwa Reysol,32.4,2022-04-13 00:07:20.122109,
416,Nordsjælland,32.3,2022-04-13 00:07:20.122109,
417,Patronato,32.2,2022-04-13 00:07:20.122109,
418,Grasshoppers,32.2,2022-04-13 00:07:20.122109,
419,Oostende,32.0,2022-04-13 00:07:20.122109,
420,Ternana,32.0,2022-04-13 00:07:20.122109,
421,Admira,31.9,2022-04-13 00:07:20.122109,
422,Gamba Osaka,31.8,2022-04-13 00:07:20.122109,
423,Perugia,31.7,2022-04-13 00:07:20.122109,
424,Jiangsu Suning,31.7,2022-04-13 00:07:20.122109,
425,Guingamp,31.7,2022-04-13 00:07:20.122109,
426,Barnsley,31.6,2022-04-13 00:07:20.122109,
427,WSG Tirol,31.6,2022-04-13 00:07:20.122109,
428,Regensburg,31.6,2022-04-13 00:07:20.122109,
429,Cartagena,31.5,2022-04-13 00:07:20.122109,
430,OFI,31.5,2022-04-13 00:07:20.122109,
431,AC Ajaccio,31.5,2022-04-13 00:07:20.122109,
432,Luzern,31.4,2022-04-13 00:07:20.122109,
433,Sarmiento,31.2,2022-04-13 00:07:20.122109,
434,Shandong,31.1,2022-04-13 00:07:20.122109,
435,Nîmes,31.1,2022-04-13 00:07:20.122109,
436,Sagan Tosu,30.8,2022-04-13 00:07:20.122109,
437,MK Dons,30.7,2022-04-13 00:07:20.122109,
438,Norrköping,30.6,2022-04-13 00:07:20.122109,
439,Como,30.5,2022-04-13 00:07:20.122109,
440,Giannina,30.5,2022-04-13 00:07:20.122109,
441,Consa,30.4,2022-04-13 00:07:20.122109,
442,Oxford United,30.2,2022-04-13 00:07:20.122109,
443,Ionikos,30.1,2022-04-13 00:07:20.122109,
444,Ibiza,30.0,2022-04-13 00:07:20.122109,
445,Houston,29.7,2022-04-13 00:07:20.122109,
446,Sporting Gijón,29.5,2022-04-13 00:07:20.122109,
447,Sydney FC,29.3,2022-04-13 00:07:20.122109,
448,Charlotte FC,29.3,2022-04-13 00:07:20.122109,
449,Wigan,29.2,2022-04-13 00:07:20.122109,
450,Pau,29.2,2022-04-13 00:07:20.122109,
451,Strømsgodset,29.2,2022-04-13 00:07:20.122109,
452,Lugo,29.1,2022-04-13 00:07:20.122109,
453,HJK Helsinki,29.1,2022-04-13 00:07:20.122109,
454,Aalesund,29.0,2022-04-13 00:07:20.122109,
455,Göztepe,28.9,2022-04-13 00:07:20.122109,
456,Arsenal Tula,28.9,2022-04-13 00:07:20.122109,
457,Maccabi Haifa,28.8,2022-04-13 00:07:20.122109,
458,Avispa Fukuoka,28.8,2022-04-13 00:07:20.122109,
459,Mjällby,28.8,2022-04-13 00:07:20.122109,
460,Inter Miami,28.7,2022-04-13 00:07:20.122109,
461,Bastia,28.6,2022-04-13 00:07:20.122109,
462,Zulte Waregem,28.6,2022-04-13 00:07:20.122109,
463,Volos,28.5,2022-04-13 00:07:20.122109,
464,Sarpsborg,28.5,2022-04-13 00:07:20.122109,
465,Rizespor,28.4,2022-04-13 00:07:20.122109,
466,Portsmouth,28.3,2022-04-13 00:07:20.122109,
467,Burgos,28.0,2022-04-13 00:07:20.122109,
468,Sunderland,27.8,2022-04-13 00:07:20.122109,
469,Odd,27.7,2022-04-13 00:07:20.122109,
470,Alcorcón,27.6,2022-04-13 00:07:20.122109,
471,Arsenal,27.4,2022-04-13 00:07:20.122109,
472,Shimizu S-Pulse,27.4,2022-04-13 00:07:20.122109,
473,FC Cincinnati,27.4,2022-04-13 00:07:20.122109,
474,San Antonio,27.4,2022-04-13 00:07:20.122109,
475,SV Sandhausen,27.3,2022-04-13 00:07:20.122109,
476,Atlético,27.1,2022-04-13 00:07:20.122109,
477,Kaizer Chiefs,27.1,2022-04-13 00:07:20.122109,
478,Altay,27.0,2022-04-13 00:07:20.122109,
479,Amorebieta,27.0,2022-04-13 00:07:20.122109,
480,Phoenix Rising,26.7,2022-04-13 00:07:20.122109,
481,Wycombe,26.7,2022-04-13 00:07:20.122109,
482,Plymouth Argyle,26.6,2022-04-13 00:07:20.122109,
483,Le Havre,26.6,2022-04-13 00:07:20.122109,
484,Dynamo Dresden,26.6,2022-04-13 00:07:20.122109,
485,Eupen,26.5,2022-04-13 00:07:20.122109,
486,Ipswich Town,26.5,2022-04-13 00:07:20.122109,
487,Niort,26.4,2022-04-13 00:07:20.122109,
488,St Mirren,26.4,2022-04-13 00:07:20.122109,
489,Haugesund,26.4,2022-04-13 00:07:20.122109,
490,Bolton,26.4,2022-04-13 00:07:20.122109,
491,Kalmar,26.4,2022-04-13 00:07:20.122109,
492,Beerschot,26.3,2022-04-13 00:07:20.122109,
493,Kristiansund,26.2,2022-04-13 00:07:20.122109,
494,St Johnstone,26.2,2022-04-13 00:07:20.122109,
495,Kyoto Purple Sanga,26.0,2022-04-13 00:07:20.122109,
496,Atromitos,25.8,2022-04-13 00:07:20.122109,
497,Dundee,25.8,2022-04-13 00:07:20.122109,
498,SPAL,25.6,2022-04-13 00:07:20.122109,
499,Peterborough,25.5,2022-04-13 00:07:20.122109,
500,Ponferradina,25.4,2022-04-13 00:07:20.122109,
501,Newcastle Jets,25.3,2022-04-13 00:07:20.122109,
502,Lausanne-Sport,25.3,2022-04-13 00:07:20.122109,
503,Vejle,25.2,2022-04-13 00:07:20.122109,
504,Melbourne Vic,25.1,2022-04-13 00:07:20.122109,
505,Rheindorf Altach,25.1,2022-04-13 00:07:20.122109,
506,Rotherham,24.8,2022-04-13 00:07:20.122109,
507,Reggina,24.8,2022-04-13 00:07:20.122109,
508,Panetolikos,24.7,2022-04-13 00:07:20.122109,
509,Crotone,24.5,2022-04-13 00:07:20.122109,
510,Real Sociedad B,24.4,2022-04-13 00:07:20.122109,
511,Aldosivi,24.4,2022-04-13 00:07:20.122109,
512,Ingolstadt,24.3,2022-04-13 00:07:20.122109,
513,SønderjyskE,24.3,2022-04-13 00:07:20.122109,
514,Valenciennes,24.2,2022-04-13 00:07:20.122109,
515,Tampa Bay,24.2,2022-04-13 00:07:20.122109,
516,Júbilo Iwata,24.2,2022-04-13 00:07:20.122109,
517,Sandefjord,24.0,2022-04-13 00:07:20.122109,
518,San Diego Loyal,23.5,2022-04-13 00:07:20.122109,
519,Málaga,23.3,2022-04-13 00:07:20.122109,
520,Tianjin Teda,23.1,2022-04-13 00:07:20.122109,
521,Louisville City,23.1,2022-04-13 00:07:20.122109,
522,Fuenlabrada,22.8,2022-04-13 00:07:20.122109,
523,Y. Malatyaspor,22.6,2022-04-13 00:07:20.122109,
524,Sirius,22.6,2022-04-13 00:07:20.122109,
525,Tromsø,22.6,2022-04-13 00:07:20.122109,
526,Grenoble,22.6,2022-04-13 00:07:20.122109,
527,Western Sydney,22.1,2022-04-13 00:07:20.122109,
528,Adelaide United,22.1,2022-04-13 00:07:20.122109,
529,Shrewsbury,21.7,2022-04-13 00:07:20.122109,
530,Macarthur FC,21.6,2022-04-13 00:07:20.122109,
531,Orlando Pirates,21.6,2022-04-13 00:07:20.122109,
532,Vicenza,21.5,2022-04-13 00:07:20.122109,
533,Shenhua,21.5,2022-04-13 00:07:20.122109,
534,Shonan,21.4,2022-04-13 00:07:20.122109,
535,El Paso,21.4,2022-04-13 00:07:20.122109,
536,Erzgebirge Aue,21.3,2022-04-13 00:07:20.122109,
537,Seraing,21.0,2022-04-13 00:07:20.122109,
538,C.S. Switchbacks,21.0,2022-04-13 00:07:20.122109,
539,Henan Jianye,20.9,2022-04-13 00:07:20.122109,
540,Hebei CF,20.9,2022-04-13 00:07:20.122109,
541,HamKam,20.8,2022-04-13 00:07:20.122109,
542,Varbergs BoIS,20.7,2022-04-13 00:07:20.122109,
543,Orange County,20.7,2022-04-13 00:07:20.122109,
544,SuperSport Utd,20.5,2022-04-13 00:07:20.122109,
545,New Mexico,20.4,2022-04-13 00:07:20.122109,
546,Sacramento,20.1,2022-04-13 00:07:20.122109,
547,Pittsburgh,19.9,2022-04-13 00:07:20.122109,
548,Alashkert FC,19.9,2022-04-13 00:07:20.122109,
549,Dalian Yifang,19.9,2022-04-13 00:07:20.122109,
550,Cape Town City,19.9,2022-04-13 00:07:20.122109,
551,Wuhan Zall,19.9,2022-04-13 00:07:20.122109,
552,Charlton Athletic,19.7,2022-04-13 00:07:20.122109,
553,Alessandria,19.7,2022-04-13 00:07:20.122109,
554,Western United,19.5,2022-04-13 00:07:20.122109,
555,Rodez,19.4,2022-04-13 00:07:20.122109,
556,Nancy,19.2,2022-04-13 00:07:20.122109,
557,Dunkerque,19.1,2022-04-13 00:07:20.122109,
558,C.C. Mariners,18.7,2022-04-13 00:07:20.122109,
559,Brisbane Roar,18.7,2022-04-13 00:07:20.122109,
560,Guangzhou R&F,18.6,2022-04-13 00:07:20.122109,
561,Lincoln City,18.6,2022-04-13 00:07:20.122109,
562,Pordenone,18.5,2022-04-13 00:07:20.122109,
563,Cheltenham,18.3,2022-04-13 00:07:20.122109,
564,Birmingham,18.3,2022-04-13 00:07:20.122109,
565,Degerfors,18.2,2022-04-13 00:07:20.122109,
566,US Quevilly,17.8,2022-04-13 00:07:20.122109,
567,The Miami FC,17.7,2022-04-13 00:07:20.122109,
568,Chongqing Lifan,17.5,2022-04-13 00:07:20.122109,
569,Lamia,17.3,2022-04-13 00:07:20.122109,
570,Cosenza,17.2,2022-04-13 00:07:20.122109,
571,Tianjin Quanjian,17.1,2022-04-13 00:07:20.122109,
572,W. Phoenix,17.0,2022-04-13 00:07:20.122109,
573,Bloem Celtic,17.0,2022-04-13 00:07:20.122109,
574,Shenzhen,16.7,2022-04-13 00:07:20.122109,
575,Jerv,16.4,2022-04-13 00:07:20.122109,
576,Helsingborgs,16.1,2022-04-13 00:07:20.122109,
577,Värnamo,15.9,2022-04-13 00:07:20.122109,
578,RGV Toros,15.9,2022-04-13 00:07:20.122109,
579,Port Vale,15.7,2022-04-13 00:07:20.122109,
580,Bristol Rovers,15.2,2022-04-13 00:07:20.122109,
581,Salford City,15.2,2022-04-13 00:07:20.122109,
582,Forest Green,15.1,2022-04-13 00:07:20.122109,
583,Perth Glory,14.9,2022-04-13 00:07:20.122109,
584,Mansfield Town,14.7,2022-04-13 00:07:20.122109,
585,Sundsvall,14.7,2022-04-13 00:07:20.122109,
586,Cambridge,14.5,2022-04-13 00:07:20.122109,
587,Stanley,14.4,2022-04-13 00:07:20.122109,
588,Memphis 901,14.4,2022-04-13 00:07:20.122109,
589,Stellenbosch,14.3,2022-04-13 00:07:20.122109,
590,Burton Albion,14.3,2022-04-13 00:07:20.122109,
591,FC Tulsa,14.2,2022-04-13 00:07:20.122109,
592,Oakland Roots,14.1,2022-04-13 00:07:20.122109,
593,Fleetwood Town,14.1,2022-04-13 00:07:20.122109,
594,Lincoln Red Imps,14.0,2022-04-13 00:07:20.122109,
595,Exeter City,13.9,2022-04-13 00:07:20.122109,
596,Golden Arrows,13.8,2022-04-13 00:07:20.122109,
597,AmaZulu,13.5,2022-04-13 00:07:20.122109,
598,Apollon Smyrni,13.3,2022-04-13 00:07:20.122109,
599,Hartford Athletic,13.2,2022-04-13 00:07:20.122109,
600,Newport County,12.9,2022-04-13 00:07:20.122109,
601,Swindon Town,12.9,2022-04-13 00:07:20.122109,
602,Marumo Gallants,12.3,2022-04-13 00:07:20.122109,
603,Sekhukhune,12.1,2022-04-13 00:07:20.122109,
604,Maritzburg Utd,12.0,2022-04-13 00:07:20.122109,
605,Beijing Renhe,12.0,2022-04-13 00:07:20.122109,
606,Detroit City,11.8,2022-04-13 00:07:20.122109,
607,Sutton United,11.3,2022-04-13 00:07:20.122109,
608,Tranmere Rovers,10.6,2022-04-13 00:07:20.122109,
609,Morecambe,10.4,2022-04-13 00:07:20.122109,
610,Chippa United,10.1,2022-04-13 00:07:20.122109,
611,Indy Eleven,10.1,2022-04-13 00:07:20.122109,
612,Crawley Town,9.8,2022-04-13 00:07:20.122109,
613,Leyton Orient,9.7,2022-04-13 00:07:20.122109,
614,Moroka Swallows,9.6,2022-04-13 00:07:20.122109,
615,Wimbledon,9.4,2022-04-13 00:07:20.122109,
616,LA Galaxy II,9.2,2022-04-13 00:07:20.122109,
617,Gillingham,9.1,2022-04-13 00:07:20.122109,
618,Charleston,9.0,2022-04-13 00:07:20.122109,
619,Northampton,8.9,2022-04-13 00:07:20.122109,
620,TS Galaxy,8.6,2022-04-13 00:07:20.122109,
621,Monterey Bay,8.4,2022-04-13 00:07:20.122109,
622,Las Vegas Lights,8.3,2022-04-13 00:07:20.122109,
623,Baroka,8.3,2022-04-13 00:07:20.122109,
624,Atlanta United 2,7.8,2022-04-13 00:07:20.122109,
625,Bradford City,7.5,2022-04-13 00:07:20.122109,
626,Rochdale,7.3,2022-04-13 00:07:20.122109,
627,Doncaster,6.8,2022-04-13 00:07:20.122109,
628,Walsall,6.7,2022-04-13 00:07:20.122109,
629,Harrogate Town,6.7,2022-04-13 00:07:20.122109,
630,Colchester,6.6,2022-04-13 00:07:20.122109,
631,Barrow,6.6,2022-04-13 00:07:20.122109,
632,Carlisle United,6.6,2022-04-13 00:07:20.122109,
633,Oldham Athletic,6.6,2022-04-13 00:07:20.122109,
634,Loudoun United,6.5,2022-04-13 00:07:20.122109,
635,Crewe Alexandra,6.2,2022-04-13 00:07:20.122109,
636,Hartlepool,6.1,2022-04-13 00:07:20.122109,
637,NY Red Bulls II,6.0,2022-04-13 00:07:20.122109,
638,Stevenage,5.9,2022-04-13 00:07:20.122109,
639,Scunthorpe,3.3,2022-04-13 00:07:20.122109,
640,Man. City,93.4,2022-04-12 23:54:57.246587,0.0
641,Liverpool,93.3,2022-04-12 23:54:57.246587,1.0
642,Bayern Munich,92.7,2022-04-12 23:54:57.246587,2.0
643,Chelsea,88.6,2022-04-12 23:54:57.246587,3.0
644,Barcelona,85.8,2022-04-12 23:54:57.246587,4.0
645,Ajax,84.9,2022-04-12 23:54:57.246587,5.0
646,Real Madrid,84.2,2022-04-12 23:54:57.246587,6.0
647,RB Leipzig,83.9,2022-04-12 23:54:57.246587,7.0
648,PSG,83.6,2022-04-12 23:54:57.246587,8.0
649,Inter Milan,82.1,2022-04-12 23:54:57.246587,9.0
650,Tottenham,81.7,2022-04-12 23:54:57.246587,10.0
651,Arsenal,81.3,2022-04-12 23:54:57.246587,11.0
652,Dortmund,80.7,2022-04-12 23:54:57.246587,12.0
653,Villarreal,80.1,2022-04-12 23:54:57.246587,13.0
654,RB Salzburg,79.3,2022-04-12 23:54:57.246587,14.0
655,Atlético Madrid,79.3,2022-04-12 23:54:57.246587,15.0
656,Porto,79.2,2022-04-12 23:54:57.246587,16.0
657,Man. United,78.3,2022-04-12 23:54:57.246587,17.0
658,Athletic Bilbao,78.1,2022-04-12 23:54:57.246587,18.0
659,Atalanta,77.2,2022-04-12 23:54:57.246587,19.0
660,Leverkusen,77.1,2022-04-12 23:54:57.246587,20.0
661,Sporting,76.8,2022-04-12 23:54:57.246587,21.0
662,AC Milan,76.4,2022-04-12 23:54:57.246587,22.0
663,Napoli,76.0,2022-04-12 23:54:57.246587,23.0
664,Aston Villa,75.8,2022-04-12 23:54:57.246587,24.0
665,Real Sociedad,75.6,2022-04-12 23:54:57.246587,25.0
666,Real Betis,74.7,2022-04-12 23:54:57.246587,26.0
667,Brighton,74.7,2022-04-12 23:54:57.246587,27.0
668,PSV,74.6,2022-04-12 23:54:57.246587,28.0
669,Crystal Palace,74.4,2022-04-12 23:54:57.246587,29.0
670,Juventus,74.3,2022-04-12 23:54:57.246587,30.0
671,Mainz,74.2,2022-04-12 23:54:57.246587,31.0
672,Rennes,73.8,2022-04-12 23:54:57.246587,32.0
673,Feyenoord,73.8,2022-04-12 23:54:57.246587,33.0
674,Sevilla,73.5,2022-04-12 23:54:57.246587,34.0
675,Benfica,73.4,2022-04-12 23:54:57.246587,35.0
676,Fiorentina,73.4,2022-04-12 23:54:57.246587,36.0
677,Celta Vigo,73.4,2022-04-12 23:54:57.246587,37.0
678,Roma,73.3,2022-04-12 23:54:57.246587,38.0
679,Lyon,73.1,2022-04-12 23:54:57.246587,39.0
680,Lazio,73.0,2022-04-12 23:54:57.246587,40.0
681,Brentford,72.1,2022-04-12 23:54:57.246587,41.0
682,Monaco,72.0,2022-04-12 23:54:57.246587,42.0
683,Lille,71.7,2022-04-12 23:54:57.246587,43.0
684,Wolves,71.6,2022-04-12 23:54:57.246587,44.0
685,West Ham,71.5,2022-04-12 23:54:57.246587,45.0
686,Zenit,71.2,2022-04-12 23:54:57.246587,46.0
687,Union Berlin,70.8,2022-04-12 23:54:57.246587,47.0
688,Hoffenheim,70.7,2022-04-12 23:54:57.246587,48.0
689,1. FC Köln,70.3,2022-04-12 23:54:57.246587,49.0
690,SC Freiburg,70.2,2022-04-12 23:54:57.246587,50.0
691,Strasbourg,69.9,2022-04-12 23:54:57.246587,51.0
692,Gladbach,69.9,2022-04-12 23:54:57.246587,52.0
693,Valencia,69.8,2022-04-12 23:54:57.246587,53.0
694,Marseille,69.6,2022-04-12 23:54:57.246587,54.0
695,Eintracht,69.5,2022-04-12 23:54:57.246587,55.0
696,Leicester,69.5,2022-04-12 23:54:57.246587,56.0
697,Getafe,69.1,2022-04-12 23:54:57.246587,57.0
698,Celtic,69.1,2022-04-12 23:54:57.246587,58.0
699,Osasuna,68.9,2022-04-12 23:54:57.246587,59.0
700,Torino,68.0,2022-04-12 23:54:57.246587,60.0
701,Udinese,67.6,2022-04-12 23:54:57.246587,61.0
702,Flamengo,67.5,2022-04-12 23:54:57.246587,62.0
703,Wolfsburg,67.2,2022-04-12 23:54:57.246587,63.0
704,Newcastle,67.1,2022-04-12 23:54:57.246587,64.0
705,VfL Bochum,66.8,2022-04-12 23:54:57.246587,65.0
706,Rayo Vallecano,66.7,2022-04-12 23:54:57.246587,66.0
707,Verona,66.6,2022-04-12 23:54:57.246587,67.0
708,Southampton,66.3,2022-04-12 23:54:57.246587,68.0
709,Dinamo Zagreb,64.9,2022-04-12 23:54:57.246587,69.0
710,Braga,64.9,2022-04-12 23:54:57.246587,70.0
711,Slavia Prague,64.8,2022-04-12 23:54:57.246587,71.0
712,AZ Alkmaar,64.8,2022-04-12 23:54:57.246587,72.0
713,Sassuolo,64.5,2022-04-12 23:54:57.246587,73.0
714,Fulham,64.0,2022-04-12 23:54:57.246587,74.0
715,Atlético Mineiro,64.0,2022-04-12 23:54:57.246587,75.0
716,Rangers,64.0,2022-04-12 23:54:57.246587,76.0
717,Club Brugge,63.7,2022-04-12 23:54:57.246587,77.0
718,Shakhtar,63.7,2022-04-12 23:54:57.246587,78.0
719,Leeds United,63.7,2022-04-12 23:54:57.246587,79.0
720,VfB Stuttgart,63.1,2022-04-12 23:54:57.246587,80.0
721,Espanyol,62.9,2022-04-12 23:54:57.246587,81.0
722,FC Augsburg,62.9,2022-04-12 23:54:57.246587,82.0
723,Palmeiras,62.8,2022-04-12 23:54:57.246587,83.0
724,Everton,62.7,2022-04-12 23:54:57.246587,84.0
725,Burnley,62.7,2022-04-12 23:54:57.246587,85.0
726,Levante,62.6,2022-04-12 23:54:57.246587,86.0
727,Twente,62.4,2022-04-12 23:54:57.246587,87.0
728,Monterrey,62.1,2022-04-12 23:54:57.246587,88.0
729,Mallorca,61.9,2022-04-12 23:54:57.246587,89.0
730,River Plate,61.3,2022-04-12 23:54:57.246587,90.0
731,Elche,61.2,2022-04-12 23:54:57.246587,91.0
732,Nantes,61.2,2022-04-12 23:54:57.246587,92.0
733,Lens,61.2,2022-04-12 23:54:57.246587,93.0
734,Olympiacos,61.1,2022-04-12 23:54:57.246587,94.0
735,Tigres UANL,60.9,2022-04-12 23:54:57.246587,95.0
736,Anderlecht,60.9,2022-04-12 23:54:57.246587,96.0
737,Nice,60.6,2022-04-12 23:54:57.246587,97.0
738,Bologna,60.6,2022-04-12 23:54:57.246587,98.0
739,Copenhagen,60.3,2022-04-12 23:54:57.246587,99.0
740,Genk,59.9,2022-04-12 23:54:57.246587,100.0
741,Cádiz,59.7,2022-04-12 23:54:57.246587,101.0
742,Gent,59.6,2022-04-12 23:54:57.246587,102.0
743,Utrecht,59.5,2022-04-12 23:54:57.246587,103.0
744,Watford,59.0,2022-04-12 23:54:57.246587,104.0
745,Dynamo Kiev,58.9,2022-04-12 23:54:57.246587,105.0
746,Reims,58.4,2022-04-12 23:54:57.246587,106.0
747,Fenerbahçe,57.6,2022-04-12 23:54:57.246587,107.0
748,Bodø/Glimt,57.6,2022-04-12 23:54:57.246587,108.0
749,Trabzonspor,57.3,2022-04-12 23:54:57.246587,109.0
750,Club América,57.2,2022-04-12 23:54:57.246587,110.0
751,Union SG,57.1,2022-04-12 23:54:57.246587,111.0
752,Toulouse,57.0,2022-04-12 23:54:57.246587,112.0
753,São Paulo,56.8,2022-04-12 23:54:57.246587,113.0
754,Alavés,56.7,2022-04-12 23:54:57.246587,114.0
755,Pachuca,56.7,2022-04-12 23:54:57.246587,115.0
756,Brest,56.6,2022-04-12 23:54:57.246587,116.0
757,Vitesse,56.5,2022-04-12 23:54:57.246587,117.0
758,Red Star,56.4,2022-04-12 23:54:57.246587,118.0
759,Hertha BSC,56.3,2022-04-12 23:54:57.246587,119.0
760,Dinamo Moscow,56.3,2022-04-12 23:54:57.246587,120.0
761,Gil Vicente,56.3,2022-04-12 23:54:57.246587,121.0
762,Granada,56.1,2022-04-12 23:54:57.246587,122.0
763,Boca Juniors,56.0,2022-04-12 23:54:57.246587,123.0
764,Corinthians,55.9,2022-04-12 23:54:57.246587,124.0
765,Krasnodar,55.7,2022-04-12 23:54:57.246587,125.0
766,Angers,55.5,2022-04-12 23:54:57.246587,126.0
767,Sparta Prague,55.3,2022-04-12 23:54:57.246587,127.0
768,Montpellier,55.3,2022-04-12 23:54:57.246587,128.0
769,Sampdoria,55.2,2022-04-12 23:54:57.246587,129.0
770,CSKA Moscow,55.2,2022-04-12 23:54:57.246587,130.0
771,Lorient,55.2,2022-04-12 23:54:57.246587,131.0
772,Young Boys,55.1,2022-04-12 23:54:57.246587,132.0
773,Cruz Azul,54.8,2022-04-12 23:54:57.246587,133.0
774,Bournemouth,54.8,2022-04-12 23:54:57.246587,134.0
775,Empoli,54.6,2022-04-12 23:54:57.246587,135.0
776,Ferencváros,54.2,2022-04-12 23:54:57.246587,136.0
777,Guimarães,54.1,2022-04-12 23:54:57.246587,137.0
778,LAFC,53.7,2022-04-12 23:54:57.246587,138.0
779,Norwich,53.7,2022-04-12 23:54:57.246587,139.0
780,PAOK,53.7,2022-04-12 23:54:57.246587,140.0
781,Kawasaki,53.7,2022-04-12 23:54:57.246587,141.0
782,Troyes,53.5,2022-04-12 23:54:57.246587,142.0
783,Fluminense,53.3,2022-04-12 23:54:57.246587,143.0
784,Basel,53.0,2022-04-12 23:54:57.246587,144.0
785,Sturm Graz,53.0,2022-04-12 23:54:57.246587,145.0
786,Midtjylland,53.0,2022-04-12 23:54:57.246587,146.0
787,Nottm Forest,53.0,2022-04-12 23:54:57.246587,147.0
788,Molde,52.9,2022-04-12 23:54:57.246587,148.0
789,Sochi,52.7,2022-04-12 23:54:57.246587,149.0
790,Sheffield Utd,52.5,2022-04-12 23:54:57.246587,150.0
791,Bragantino,52.4,2022-04-12 23:54:57.246587,151.0
792,Spartak Moscow,52.1,2022-04-12 23:54:57.246587,152.0
793,NYCFC,52.1,2022-04-12 23:54:57.246587,153.0
794,Atlas,51.9,2022-04-12 23:54:57.246587,154.0
795,Famalicão,51.8,2022-04-12 23:54:57.246587,155.0
796,Santos Laguna,51.8,2022-04-12 23:54:57.246587,156.0
797,LASK Linz,51.6,2022-04-12 23:54:57.246587,157.0
798,Genoa,51.5,2022-04-12 23:54:57.246587,158.0
799,Internacional,51.4,2022-04-12 23:54:57.246587,159.0
800,Arminia,51.2,2022-04-12 23:54:57.246587,160.0
801,Rapid Vienna,51.1,2022-04-12 23:54:57.246587,161.0
802,Middlesbrough,51.0,2022-04-12 23:54:57.246587,162.0
803,Cagliari,50.7,2022-04-12 23:54:57.246587,163.0
804,Yokohama FM,50.7,2022-04-12 23:54:57.246587,164.0
805,Partizan,50.3,2022-04-12 23:54:57.246587,165.0
806,Maccabi Tel-Aviv,50.2,2022-04-12 23:54:57.246587,166.0
807,Antwerp,50.2,2022-04-12 23:54:57.246587,167.0
808,Spezia,50.0,2022-04-12 23:54:57.246587,168.0
809,Greuther Fürth,49.8,2022-04-12 23:54:57.246587,169.0
810,Legia Warsaw,49.8,2022-04-12 23:54:57.246587,170.0
811,Santa Clara,49.7,2022-04-12 23:54:57.246587,171.0
812,Justicia,49.3,2022-04-12 23:54:57.246587,172.0
813,Coventry City,49.2,2022-04-12 23:54:57.246587,173.0
814,Atlético-PR,48.8,2022-04-12 23:54:57.246587,174.0
815,Werder Bremen,48.7,2022-04-12 23:54:57.246587,175.0
816,Clermont,48.6,2022-04-12 23:54:57.246587,176.0
817,Zürich,48.6,2022-04-12 23:54:57.246587,177.0
818,América Mineiro,48.6,2022-04-12 23:54:57.246587,178.0
819,Boavista,48.6,2022-04-12 23:54:57.246587,179.0
820,Schalke 04,48.4,2022-04-12 23:54:57.246587,180.0
821,Beşiktaş,48.4,2022-04-12 23:54:57.246587,181.0
822,Groningen,48.3,2022-04-12 23:54:57.246587,182.0
823,Luton Town,48.2,2022-04-12 23:54:57.246587,183.0
824,Santos,48.0,2022-04-12 23:54:57.246587,184.0
825,Guadalajara,48.0,2022-04-12 23:54:57.246587,185.0
826,Fortaleza,47.9,2022-04-12 23:54:57.246587,186.0
827,St Étienne,47.8,2022-04-12 23:54:57.246587,187.0
828,West Brom,47.8,2022-04-12 23:54:57.246587,188.0
829,León,47.8,2022-04-12 23:54:57.246587,189.0
830,Puebla,47.7,2022-04-12 23:54:57.246587,190.0
831,Portimonense,47.7,2022-04-12 23:54:57.246587,191.0
832,Sheriff,47.7,2022-04-12 23:54:57.246587,192.0
833,Kashima Antlers,47.7,2022-04-12 23:54:57.246587,193.0
834,Ceará,47.7,2022-04-12 23:54:57.246587,194.0
835,Estoril,47.6,2022-04-12 23:54:57.246587,195.0
836,Philadelphia,47.5,2022-04-12 23:54:57.246587,196.0
837,Başakşehir,47.4,2022-04-12 23:54:57.246587,197.0
838,Austria Vienna,47.3,2022-04-12 23:54:57.246587,198.0
839,Rosenborg,47.1,2022-04-12 23:54:57.246587,199.0
840,Heerenveen,46.8,2022-04-12 23:54:57.246587,200.0
841,Bordeaux,46.8,2022-04-12 23:54:57.246587,201.0
842,Heracles,46.7,2022-04-12 23:54:57.246587,202.0
843,Vélez Sarsfield,46.6,2022-04-12 23:54:57.246587,203.0
844,Stoke City,46.6,2022-04-12 23:54:57.246587,204.0
845,Charleroi,46.5,2022-04-12 23:54:57.246587,205.0
846,Columbus,46.4,2022-04-12 23:54:57.246587,206.0
847,Panathinaikos,46.4,2022-04-12 23:54:57.246587,207.0
848,St. Gallen,46.3,2022-04-12 23:54:57.246587,208.0
849,Hamburger SV,46.1,2022-04-12 23:54:57.246587,209.0
850,Paços Ferreira,46.1,2022-04-12 23:54:57.246587,210.0
851,Monza,46.0,2022-04-12 23:54:57.246587,211.0
852,NY Red Bulls,45.9,2022-04-12 23:54:57.246587,212.0
853,Demirspor,45.9,2022-04-12 23:54:57.246587,213.0
854,Sint-Truidense,45.9,2022-04-12 23:54:57.246587,214.0
855,Benevento,45.9,2022-04-12 23:54:57.246587,215.0
856,Anorthosis,45.9,2022-04-12 23:54:57.246587,216.0
857,AaB,45.8,2022-04-12 23:54:57.246587,217.0
858,Qarabağ,45.7,2022-04-12 23:54:57.246587,218.0
859,Rostov,45.7,2022-04-12 23:54:57.246587,219.0
860,Mechelen,45.6,2022-04-12 23:54:57.246587,220.0
861,Malmö,45.5,2022-04-12 23:54:57.246587,221.0
862,Millwall,45.5,2022-04-12 23:54:57.246587,222.0
863,Vizela,45.3,2022-04-12 23:54:57.246587,223.0
864,Lokomotiv,45.2,2022-04-12 23:54:57.246587,224.0
865,Krylia Sovetov,45.2,2022-04-12 23:54:57.246587,225.0
866,Venezia,45.1,2022-04-12 23:54:57.246587,226.0
867,Preston,45.0,2022-04-12 23:54:57.246587,227.0
868,LA Galaxy,44.8,2022-04-12 23:54:57.246587,228.0
869,Salernitana,44.5,2022-04-12 23:54:57.246587,229.0
870,Konyaspor,44.5,2022-04-12 23:54:57.246587,230.0
871,Hearts,44.4,2022-04-12 23:54:57.246587,231.0
872,Alanyaspor,44.4,2022-04-12 23:54:57.246587,232.0
873,Galatasaray,44.3,2022-04-12 23:54:57.246587,233.0
874,Seattle,44.3,2022-04-12 23:54:57.246587,234.0
875,CSKA Sofia,44.2,2022-04-12 23:54:57.246587,235.0
876,Urawa Reds,44.2,2022-04-12 23:54:57.246587,236.0
877,Blackburn,44.1,2022-04-12 23:54:57.246587,237.0
878,Cercle Brugge,44.1,2022-04-12 23:54:57.246587,238.0
879,Pumas UNAM,43.8,2022-04-12 23:54:57.246587,239.0
880,Estudiantes,43.6,2022-04-12 23:54:57.246587,240.0
881,Nashville,43.6,2022-04-12 23:54:57.246587,241.0
882,Lecce,43.6,2022-04-12 23:54:57.246587,242.0
883,New England,43.6,2022-04-12 23:54:57.246587,243.0
884,CFR Cluj,43.3,2022-04-12 23:54:57.246587,244.0
885,Huddersfield,43.2,2022-04-12 23:54:57.246587,245.0
886,Argentinos,43.0,2022-04-12 23:54:57.246587,246.0
887,Swansea City,42.9,2022-04-12 23:54:57.246587,247.0
888,Silkeborg,42.9,2022-04-12 23:54:57.246587,248.0
889,Kasımpaşa,42.6,2022-04-12 23:54:57.246587,249.0
890,Guangzhou E.,42.6,2022-04-12 23:54:57.246587,250.0
891,Darmstadt 98,42.6,2022-04-12 23:54:57.246587,251.0
892,Omonia Nicosia,42.5,2022-04-12 23:54:57.246587,252.0
893,NEC,42.4,2022-04-12 23:54:57.246587,253.0
894,Orlando City,42.4,2022-04-12 23:54:57.246587,254.0
895,Go Ahead,42.4,2022-04-12 23:54:57.246587,255.0
896,Cardiff City,42.4,2022-04-12 23:54:57.246587,256.0
897,Marítimo,42.3,2022-04-12 23:54:57.246587,257.0
898,AEK Athens,42.3,2022-04-12 23:54:57.246587,258.0
899,Sparta,42.2,2022-04-12 23:54:57.246587,259.0
900,Valladolid,42.2,2022-04-12 23:54:57.246587,260.0
901,Colorado,42.1,2022-04-12 23:54:57.246587,261.0
902,Blackpool,42.1,2022-04-12 23:54:57.246587,262.0
903,Moreirense,42.1,2022-04-12 23:54:57.246587,263.0
904,Arouca,42.0,2022-04-12 23:54:57.246587,264.0
905,Wolfsberg,41.9,2022-04-12 23:54:57.246587,265.0
906,Akhmat Grozny,41.8,2022-04-12 23:54:57.246587,266.0
907,Atlético,41.8,2022-04-12 23:54:57.246587,267.0
908,Juventude,41.8,2022-04-12 23:54:57.246587,268.0
909,Metz,41.7,2022-04-12 23:54:57.246587,269.0
910,Ludogorets,41.7,2022-04-12 23:54:57.246587,270.0
911,Talleres,41.7,2022-04-12 23:54:57.246587,271.0
912,Viking,41.6,2022-04-12 23:54:57.246587,272.0
913,Unión,41.6,2022-04-12 23:54:57.246587,273.0
914,Atlanta,41.5,2022-04-12 23:54:57.246587,274.0
915,Minnesota,41.4,2022-04-12 23:54:57.246587,275.0
916,Cuiabá,41.4,2022-04-12 23:54:57.246587,276.0
917,Lanús,41.4,2022-04-12 23:54:57.246587,277.0
918,QPR,41.3,2022-04-12 23:54:57.246587,278.0
919,Parma,41.3,2022-04-12 23:54:57.246587,279.0
920,Brøndby,41.2,2022-04-12 23:54:57.246587,280.0
921,Birmingham,41.2,2022-04-12 23:54:57.246587,281.0
922,Almería,41.1,2022-04-12 23:54:57.246587,282.0
923,Independiente,41.0,2022-04-12 23:54:57.246587,283.0
924,Girona,40.9,2022-04-12 23:54:57.246587,284.0
925,Coritiba,40.9,2022-04-12 23:54:57.246587,285.0
926,FC Dallas,40.9,2022-04-12 23:54:57.246587,286.0
927,Antalyaspor,40.7,2022-04-12 23:54:57.246587,287.0
928,PEC Zwolle,40.7,2022-04-12 23:54:57.246587,288.0
929,Hammarby,40.6,2022-04-12 23:54:57.246587,289.0
930,Tijuana,40.6,2022-04-12 23:54:57.246587,290.0
931,Slovan,40.5,2022-04-12 23:54:57.246587,291.0
932,Sivasspor,40.3,2022-04-12 23:54:57.246587,292.0
933,San Luis,40.3,2022-04-12 23:54:57.246587,293.0
934,Aris,40.1,2022-04-12 23:54:57.246587,294.0
935,Banfield,40.1,2022-04-12 23:54:57.246587,295.0
936,Huracán,40.0,2022-04-12 23:54:57.246587,296.0
937,Derby County,39.6,2022-04-12 23:54:57.246587,297.0
938,Rubin Kazan,39.6,2022-04-12 23:54:57.246587,298.0
939,Brescia,39.6,2022-04-12 23:54:57.246587,299.0
940,Botafogo,39.6,2022-04-12 23:54:57.246587,300.0
941,Fortuna,39.3,2022-04-12 23:54:57.246587,301.0
942,Cerezo Osaka,39.3,2022-04-12 23:54:57.246587,302.0
943,Vålerenga,39.3,2022-04-12 23:54:57.246587,303.0
944,Necaxa,39.2,2022-04-12 23:54:57.246587,304.0
945,Querétaro,39.0,2022-04-12 23:54:57.246587,305.0
946,Beijing Guoan,39.0,2022-04-12 23:54:57.246587,306.0
947,Huesca,38.7,2022-04-12 23:54:57.246587,307.0
948,Randers,38.7,2022-04-12 23:54:57.246587,308.0
949,Shanghai SIPG,38.6,2022-04-12 23:54:57.246587,309.0
950,GFK,38.5,2022-04-12 23:54:57.246587,310.0
951,AGF Aarhus,38.5,2022-04-12 23:54:57.246587,311.0
952,Toluca,38.5,2022-04-12 23:54:57.246587,312.0
953,Cremonese,38.4,2022-04-12 23:54:57.246587,313.0
954,Zorya Luhansk,38.3,2022-04-12 23:54:57.246587,314.0
955,Lillestrøm,38.3,2022-04-12 23:54:57.246587,315.0
956,Central Córdoba,38.3,2022-04-12 23:54:57.246587,316.0
957,Caen,38.2,2022-04-12 23:54:57.246587,317.0
958,Auxerre,38.2,2022-04-12 23:54:57.246587,318.0
959,FC Tokyo,38.1,2022-04-12 23:54:57.246587,319.0
960,Avaí,38.0,2022-04-12 23:54:57.246587,320.0
961,Hatayspor,38.0,2022-04-12 23:54:57.246587,321.0
962,Goiás,37.8,2022-04-12 23:54:57.246587,322.0
963,RKC,37.7,2022-04-12 23:54:57.246587,323.0
964,Portland,37.5,2022-04-12 23:54:57.246587,324.0
965,Dijon FCO,37.4,2022-04-12 23:54:57.246587,325.0
966,Frosinone,37.4,2022-04-12 23:54:57.246587,326.0
967,Tondela,37.4,2022-04-12 23:54:57.246587,327.0
968,Sporting KC,37.4,2022-04-12 23:54:57.246587,328.0
969,Karlsruher SC,37.3,2022-04-12 23:54:57.246587,329.0
970,Paris FC,37.3,2022-04-12 23:54:57.246587,330.0
971,Mazatlán,37.3,2022-04-12 23:54:57.246587,331.0
972,Austin FC,37.3,2022-04-12 23:54:57.246587,332.0
973,Real Salt Lake,37.3,2022-04-12 23:54:57.246587,333.0
974,Rosario Central,37.3,2022-04-12 23:54:57.246587,334.0
975,Kairat Almaty,37.2,2022-04-12 23:54:57.246587,335.0
976,Vissel Kobe,37.1,2022-04-12 23:54:57.246587,336.0
977,Montréal,37.0,2022-04-12 23:54:57.246587,337.0
978,Las Palmas,37.0,2022-04-12 23:54:57.246587,338.0
979,Racing,37.0,2022-04-12 23:54:57.246587,339.0
980,Cambuur,36.9,2022-04-12 23:54:57.246587,340.0
981,Hull City,36.9,2022-04-12 23:54:57.246587,341.0
982,FC Khimki,36.9,2022-04-12 23:54:57.246587,342.0
983,Nagoya,36.8,2022-04-12 23:54:57.246587,343.0
984,Ural,36.6,2022-04-12 23:54:57.246587,344.0
985,Flora,36.6,2022-04-12 23:54:57.246587,345.0
986,FC St. Pauli,36.6,2022-04-12 23:54:57.246587,346.0
987,Amiens,36.6,2022-04-12 23:54:57.246587,347.0
988,Aberdeen,36.5,2022-04-12 23:54:57.246587,348.0
989,Kortrijk,36.4,2022-04-12 23:54:57.246587,349.0
990,Chicago,36.3,2022-04-12 23:54:57.246587,350.0
991,SC Paderborn,36.2,2022-04-12 23:54:57.246587,351.0
992,FC Juárez,36.1,2022-04-12 23:54:57.246587,352.0
993,Bristol City,36.1,2022-04-12 23:54:57.246587,353.0
994,Newell's,36.1,2022-04-12 23:54:57.246587,354.0
995,Heidenheim,36.0,2022-04-12 23:54:57.246587,355.0
996,Melbourne City,36.0,2022-04-12 23:54:57.246587,356.0
997,Godoy Cruz,35.8,2022-04-12 23:54:57.246587,357.0
998,Gimnasia,35.8,2022-04-12 23:54:57.246587,358.0
999,Ross County,35.8,2022-04-12 23:54:57.246587,359.0
1000,Sanfrecce,35.8,2022-04-12 23:54:57.246587,360.0
1001,Elfsborg,35.7,2022-04-12 23:54:57.246587,361.0
1002,M. Sundowns,35.6,2022-04-12 23:54:57.246587,362.0
1003,Lugano,35.6,2022-04-12 23:54:57.246587,363.0
1004,Oviedo,35.5,2022-04-12 23:54:57.246587,364.0
1005,Sochaux,35.5,2022-04-12 23:54:57.246587,365.0
1006,Belenenses,35.3,2022-04-12 23:54:57.246587,366.0
1007,Servette,35.3,2022-04-12 23:54:57.246587,367.0
1008,D.C. United,35.2,2022-04-12 23:54:57.246587,368.0
1009,San Lorenzo,35.0,2022-04-12 23:54:57.246587,369.0
1010,SK Austria,35.0,2022-04-12 23:54:57.246587,370.0
1011,Odense,35.0,2022-04-12 23:54:57.246587,371.0
1012,Livingston,34.9,2022-04-12 23:54:57.246587,372.0
1013,Ufa,34.7,2022-04-12 23:54:57.246587,373.0
1014,Hartberg,34.7,2022-04-12 23:54:57.246587,374.0
1015,Karagümrükspor,34.6,2022-04-12 23:54:57.246587,375.0
1016,Tenerife,34.5,2022-04-12 23:54:57.246587,376.0
1017,Kayserispor,34.5,2022-04-12 23:54:57.246587,377.0
1018,AIK,34.5,2022-04-12 23:54:57.246587,378.0
1019,Standard Liège,34.4,2022-04-12 23:54:57.246587,379.0
1020,Ried,34.3,2022-04-12 23:54:57.246587,380.0
1021,Djurgården,34.2,2022-04-12 23:54:57.246587,381.0
1022,Fortuna Sittard,34.2,2022-04-12 23:54:57.246587,382.0
1023,Viborg,34.2,2022-04-12 23:54:57.246587,383.0
1024,Dundee Utd,34.1,2022-04-12 23:54:57.246587,384.0
1025,Toronto FC,34.1,2022-04-12 23:54:57.246587,385.0
1026,Vancouver,34.1,2022-04-12 23:54:57.246587,386.0
1027,Colón,33.9,2022-04-12 23:54:57.246587,387.0
1028,Hansa Rostock,33.7,2022-04-12 23:54:57.246587,388.0
1029,Willem II,33.6,2022-04-12 23:54:57.246587,389.0
1030,Hibernian,33.6,2022-04-12 23:54:57.246587,390.0
1031,Nizhny Novgorod,33.5,2022-04-12 23:54:57.246587,391.0
1032,Jablonec,33.5,2022-04-12 23:54:57.246587,392.0
1033,Reading,33.5,2022-04-12 23:54:57.246587,393.0
1034,Holstein Kiel,33.5,2022-04-12 23:54:57.246587,394.0
1035,Platense,33.5,2022-04-12 23:54:57.246587,395.0
1036,Sion,33.4,2022-04-12 23:54:57.246587,396.0
1037,Cittadella,33.3,2022-04-12 23:54:57.246587,397.0
1038,San Jose,33.2,2022-04-12 23:54:57.246587,398.0
1039,NS Mura,33.2,2022-04-12 23:54:57.246587,399.0
1040,Ascoli,33.1,2022-04-12 23:54:57.246587,400.0
1041,Häcken,33.1,2022-04-12 23:54:57.246587,401.0
1042,OH Leuven,33.0,2022-04-12 23:54:57.246587,402.0
1043,Zaragoza,33.0,2022-04-12 23:54:57.246587,403.0
1044,Mirandés,33.0,2022-04-12 23:54:57.246587,404.0
1045,Giresunspor,32.9,2022-04-12 23:54:57.246587,405.0
1046,Hannover 96,32.8,2022-04-12 23:54:57.246587,406.0
1047,Leganés,32.8,2022-04-12 23:54:57.246587,407.0
1048,Eibar,32.7,2022-04-12 23:54:57.246587,408.0
1049,Pisa,32.6,2022-04-12 23:54:57.246587,409.0
1050,Göteborg,32.5,2022-04-12 23:54:57.246587,410.0
1051,Nürnberg,32.5,2022-04-12 23:54:57.246587,411.0
1052,Sheffield Wed.,32.4,2022-04-12 23:54:57.246587,412.0
1053,Motherwell,32.4,2022-04-12 23:54:57.246587,413.0
1054,Asteras Tripoli,32.4,2022-04-12 23:54:57.246587,414.0
1055,Kashiwa Reysol,32.4,2022-04-12 23:54:57.246587,415.0
1056,Nordsjælland,32.3,2022-04-12 23:54:57.246587,416.0
1057,Patronato,32.2,2022-04-12 23:54:57.246587,417.0
1058,Grasshoppers,32.2,2022-04-12 23:54:57.246587,418.0
1059,Oostende,32.0,2022-04-12 23:54:57.246587,419.0
1060,Ternana,32.0,2022-04-12 23:54:57.246587,420.0
1061,Admira,31.9,2022-04-12 23:54:57.246587,421.0
1062,Gamba Osaka,31.8,2022-04-12 23:54:57.246587,422.0
1063,Perugia,31.7,2022-04-12 23:54:57.246587,423.0
1064,Jiangsu Suning,31.7,2022-04-12 23:54:57.246587,424.0
1065,Guingamp,31.7,2022-04-12 23:54:57.246587,425.0
1066,Barnsley,31.6,2022-04-12 23:54:57.246587,426.0
1067,WSG Tirol,31.6,2022-04-12 23:54:57.246587,427.0
1068,Regensburg,31.6,2022-04-12 23:54:57.246587,428.0
1069,Cartagena,31.5,2022-04-12 23:54:57.246587,429.0
1070,OFI,31.5,2022-04-12 23:54:57.246587,430.0
1071,AC Ajaccio,31.5,2022-04-12 23:54:57.246587,431.0
1072,Luzern,31.4,2022-04-12 23:54:57.246587,432.0
1073,Sarmiento,31.2,2022-04-12 23:54:57.246587,433.0
1074,Shandong,31.1,2022-04-12 23:54:57.246587,434.0
1075,Nîmes,31.1,2022-04-12 23:54:57.246587,435.0
1076,Sagan Tosu,30.8,2022-04-12 23:54:57.246587,436.0
1077,MK Dons,30.7,2022-04-12 23:54:57.246587,437.0
1078,Norrköping,30.6,2022-04-12 23:54:57.246587,438.0
1079,Como,30.5,2022-04-12 23:54:57.246587,439.0
1080,Giannina,30.5,2022-04-12 23:54:57.246587,440.0
1081,Consa,30.4,2022-04-12 23:54:57.246587,441.0
1082,Oxford United,30.2,2022-04-12 23:54:57.246587,442.0
1083,Ionikos,30.1,2022-04-12 23:54:57.246587,443.0
1084,Ibiza,30.0,2022-04-12 23:54:57.246587,444.0
1085,Houston,29.7,2022-04-12 23:54:57.246587,445.0
1086,Sporting Gijón,29.5,2022-04-12 23:54:57.246587,446.0
1087,Sydney FC,29.3,2022-04-12 23:54:57.246587,447.0
1088,Charlotte FC,29.3,2022-04-12 23:54:57.246587,448.0
1089,Wigan,29.2,2022-04-12 23:54:57.246587,449.0
1090,Pau,29.2,2022-04-12 23:54:57.246587,450.0
1091,Strømsgodset,29.2,2022-04-12 23:54:57.246587,451.0
1092,Lugo,29.1,2022-04-12 23:54:57.246587,452.0
1093,HJK Helsinki,29.1,2022-04-12 23:54:57.246587,453.0
1094,Aalesund,29.0,2022-04-12 23:54:57.246587,454.0
1095,Göztepe,28.9,2022-04-12 23:54:57.246587,455.0
1096,Arsenal Tula,28.9,2022-04-12 23:54:57.246587,456.0
1097,Maccabi Haifa,28.8,2022-04-12 23:54:57.246587,457.0
1098,Avispa Fukuoka,28.8,2022-04-12 23:54:57.246587,458.0
1099,Mjällby,28.8,2022-04-12 23:54:57.246587,459.0
1100,Inter Miami,28.7,2022-04-12 23:54:57.246587,460.0
1101,Bastia,28.6,2022-04-12 23:54:57.246587,461.0
1102,Zulte Waregem,28.6,2022-04-12 23:54:57.246587,462.0
1103,Volos,28.5,2022-04-12 23:54:57.246587,463.0
1104,Sarpsborg,28.5,2022-04-12 23:54:57.246587,464.0
1105,Rizespor,28.4,2022-04-12 23:54:57.246587,465.0
1106,Portsmouth,28.3,2022-04-12 23:54:57.246587,466.0
1107,Burgos,28.0,2022-04-12 23:54:57.246587,467.0
1108,Sunderland,27.8,2022-04-12 23:54:57.246587,468.0
1109,Odd,27.7,2022-04-12 23:54:57.246587,469.0
1110,Alcorcón,27.6,2022-04-12 23:54:57.246587,470.0
1111,Arsenal,27.4,2022-04-12 23:54:57.246587,471.0
1112,Shimizu S-Pulse,27.4,2022-04-12 23:54:57.246587,472.0
1113,FC Cincinnati,27.4,2022-04-12 23:54:57.246587,473.0
1114,San Antonio,27.4,2022-04-12 23:54:57.246587,474.0
1115,SV Sandhausen,27.3,2022-04-12 23:54:57.246587,475.0
1116,Atlético,27.1,2022-04-12 23:54:57.246587,476.0
1117,Kaizer Chiefs,27.1,2022-04-12 23:54:57.246587,477.0
1118,Altay,27.0,2022-04-12 23:54:57.246587,478.0
1119,Amorebieta,27.0,2022-04-12 23:54:57.246587,479.0
1120,Phoenix Rising,26.7,2022-04-12 23:54:57.246587,480.0
1121,Wycombe,26.7,2022-04-12 23:54:57.246587,481.0
1122,Plymouth Argyle,26.6,2022-04-12 23:54:57.246587,482.0
1123,Le Havre,26.6,2022-04-12 23:54:57.246587,483.0
1124,Dynamo Dresden,26.6,2022-04-12 23:54:57.246587,484.0
1125,Eupen,26.5,2022-04-12 23:54:57.246587,485.0
1126,Ipswich Town,26.5,2022-04-12 23:54:57.246587,486.0
1127,Niort,26.4,2022-04-12 23:54:57.246587,487.0
1128,St Mirren,26.4,2022-04-12 23:54:57.246587,488.0
1129,Haugesund,26.4,2022-04-12 23:54:57.246587,489.0
1130,Bolton,26.4,2022-04-12 23:54:57.246587,490.0
1131,Kalmar,26.4,2022-04-12 23:54:57.246587,491.0
1132,Beerschot,26.3,2022-04-12 23:54:57.246587,492.0
1133,Kristiansund,26.2,2022-04-12 23:54:57.246587,493.0
1134,St Johnstone,26.2,2022-04-12 23:54:57.246587,494.0
1135,Kyoto Purple Sanga,26.0,2022-04-12 23:54:57.246587,495.0
1136,Atromitos,25.8,2022-04-12 23:54:57.246587,496.0
1137,Dundee,25.8,2022-04-12 23:54:57.246587,497.0
1138,SPAL,25.6,2022-04-12 23:54:57.246587,498.0
1139,Peterborough,25.5,2022-04-12 23:54:57.246587,499.0
1140,Ponferradina,25.4,2022-04-12 23:54:57.246587,500.0
1141,Newcastle Jets,25.3,2022-04-12 23:54:57.246587,501.0
1142,Lausanne-Sport,25.3,2022-04-12 23:54:57.246587,502.0
1143,Vejle,25.2,2022-04-12 23:54:57.246587,503.0
1144,Melbourne Vic,25.1,2022-04-12 23:54:57.246587,504.0
1145,Rheindorf Altach,25.1,2022-04-12 23:54:57.246587,505.0
1146,Rotherham,24.8,2022-04-12 23:54:57.246587,506.0
1147,Reggina,24.8,2022-04-12 23:54:57.246587,507.0
1148,Panetolikos,24.7,2022-04-12 23:54:57.246587,508.0
1149,Crotone,24.5,2022-04-12 23:54:57.246587,509.0
1150,Real Sociedad B,24.4,2022-04-12 23:54:57.246587,510.0
1151,Aldosivi,24.4,2022-04-12 23:54:57.246587,511.0
1152,Ingolstadt,24.3,2022-04-12 23:54:57.246587,512.0
1153,SønderjyskE,24.3,2022-04-12 23:54:57.246587,513.0
1154,Valenciennes,24.2,2022-04-12 23:54:57.246587,514.0
1155,Tampa Bay,24.2,2022-04-12 23:54:57.246587,515.0
1156,Júbilo Iwata,24.2,2022-04-12 23:54:57.246587,516.0
1157,Sandefjord,24.0,2022-04-12 23:54:57.246587,517.0
1158,San Diego Loyal,23.5,2022-04-12 23:54:57.246587,518.0
1159,Málaga,23.3,2022-04-12 23:54:57.246587,519.0
1160,Tianjin Teda,23.1,2022-04-12 23:54:57.246587,520.0
1161,Louisville City,23.1,2022-04-12 23:54:57.246587,521.0
1162,Fuenlabrada,22.8,2022-04-12 23:54:57.246587,522.0
1163,Y. Malatyaspor,22.6,2022-04-12 23:54:57.246587,523.0
1164,Sirius,22.6,2022-04-12 23:54:57.246587,524.0
1165,Tromsø,22.6,2022-04-12 23:54:57.246587,525.0
1166,Grenoble,22.6,2022-04-12 23:54:57.246587,526.0
1167,Western Sydney,22.1,2022-04-12 23:54:57.246587,527.0
1168,Adelaide United,22.1,2022-04-12 23:54:57.246587,528.0
1169,Shrewsbury,21.7,2022-04-12 23:54:57.246587,529.0
1170,Macarthur FC,21.6,2022-04-12 23:54:57.246587,530.0
1171,Orlando Pirates,21.6,2022-04-12 23:54:57.246587,531.0
1172,Vicenza,21.5,2022-04-12 23:54:57.246587,532.0
1173,Shenhua,21.5,2022-04-12 23:54:57.246587,533.0
1174,Shonan,21.4,2022-04-12 23:54:57.246587,534.0
1175,El Paso,21.4,2022-04-12 23:54:57.246587,535.0
1176,Erzgebirge Aue,21.3,2022-04-12 23:54:57.246587,536.0
1177,Seraing,21.0,2022-04-12 23:54:57.246587,537.0
1178,C.S. Switchbacks,21.0,2022-04-12 23:54:57.246587,538.0
1179,Henan Jianye,20.9,2022-04-12 23:54:57.246587,539.0
1180,Hebei CF,20.9,2022-04-12 23:54:57.246587,540.0
1181,HamKam,20.8,2022-04-12 23:54:57.246587,541.0
1182,Varbergs BoIS,20.7,2022-04-12 23:54:57.246587,542.0
1183,Orange County,20.7,2022-04-12 23:54:57.246587,543.0
1184,SuperSport Utd,20.5,2022-04-12 23:54:57.246587,544.0
1185,New Mexico,20.4,2022-04-12 23:54:57.246587,545.0
1186,Sacramento,20.1,2022-04-12 23:54:57.246587,546.0
1187,Pittsburgh,19.9,2022-04-12 23:54:57.246587,547.0
1188,Alashkert FC,19.9,2022-04-12 23:54:57.246587,548.0
1189,Dalian Yifang,19.9,2022-04-12 23:54:57.246587,549.0
1190,Cape Town City,19.9,2022-04-12 23:54:57.246587,550.0
1191,Wuhan Zall,19.9,2022-04-12 23:54:57.246587,551.0
1192,Charlton Athletic,19.7,2022-04-12 23:54:57.246587,552.0
1193,Alessandria,19.7,2022-04-12 23:54:57.246587,553.0
1194,Western United,19.5,2022-04-12 23:54:57.246587,554.0
1195,Rodez,19.4,2022-04-12 23:54:57.246587,555.0
1196,Nancy,19.2,2022-04-12 23:54:57.246587,556.0
1197,Dunkerque,19.1,2022-04-12 23:54:57.246587,557.0
1198,C.C. Mariners,18.7,2022-04-12 23:54:57.246587,558.0
1199,Brisbane Roar,18.7,2022-04-12 23:54:57.246587,559.0
1200,Guangzhou R&F,18.6,2022-04-12 23:54:57.246587,560.0
1201,Lincoln City,18.6,2022-04-12 23:54:57.246587,561.0
1202,Pordenone,18.5,2022-04-12 23:54:57.246587,562.0
1203,Cheltenham,18.3,2022-04-12 23:54:57.246587,563.0
1204,Birmingham,18.3,2022-04-12 23:54:57.246587,564.0
1205,Degerfors,18.2,2022-04-12 23:54:57.246587,565.0
1206,US Quevilly,17.8,2022-04-12 23:54:57.246587,566.0
1207,The Miami FC,17.7,2022-04-12 23:54:57.246587,567.0
1208,Chongqing Lifan,17.5,2022-04-12 23:54:57.246587,568.0
1209,Lamia,17.3,2022-04-12 23:54:57.246587,569.0
1210,Cosenza,17.2,2022-04-12 23:54:57.246587,570.0
1211,Tianjin Quanjian,17.1,2022-04-12 23:54:57.246587,571.0
1212,W. Phoenix,17.0,2022-04-12 23:54:57.246587,572.0
1213,Bloem Celtic,17.0,2022-04-12 23:54:57.246587,573.0
1214,Shenzhen,16.7,2022-04-12 23:54:57.246587,574.0
1215,Jerv,16.4,2022-04-12 23:54:57.246587,575.0
1216,Helsingborgs,16.1,2022-04-12 23:54:57.246587,576.0
1217,Värnamo,15.9,2022-04-12 23:54:57.246587,577.0
1218,RGV Toros,15.9,2022-04-12 23:54:57.246587,578.0
1219,Port Vale,15.7,2022-04-12 23:54:57.246587,579.0
1220,Bristol Rovers,15.2,2022-04-12 23:54:57.246587,580.0
1221,Salford City,15.2,2022-04-12 23:54:57.246587,581.0
1222,Forest Green,15.1,2022-04-12 23:54:57.246587,582.0
1223,Perth Glory,14.9,2022-04-12 23:54:57.246587,583.0
1224,Mansfield Town,14.7,2022-04-12 23:54:57.246587,584.0
1225,Sundsvall,14.7,2022-04-12 23:54:57.246587,585.0
1226,Cambridge,14.5,2022-04-12 23:54:57.246587,586.0
1227,Stanley,14.4,2022-04-12 23:54:57.246587,587.0
1228,Memphis 901,14.4,2022-04-12 23:54:57.246587,588.0
1229,Stellenbosch,14.3,2022-04-12 23:54:57.246587,589.0
1230,Burton Albion,14.3,2022-04-12 23:54:57.246587,590.0
1231,FC Tulsa,14.2,2022-04-12 23:54:57.246587,591.0
1232,Oakland Roots,14.1,2022-04-12 23:54:57.246587,592.0
1233,Fleetwood Town,14.1,2022-04-12 23:54:57.246587,593.0
1234,Lincoln Red Imps,14.0,2022-04-12 23:54:57.246587,594.0
1235,Exeter City,13.9,2022-04-12 23:54:57.246587,595.0
1236,Golden Arrows,13.8,2022-04-12 23:54:57.246587,596.0
1237,AmaZulu,13.5,2022-04-12 23:54:57.246587,597.0
1238,Apollon Smyrni,13.3,2022-04-12 23:54:57.246587,598.0
1239,Hartford Athletic,13.2,2022-04-12 23:54:57.246587,599.0
1240,Newport County,12.9,2022-04-12 23:54:57.246587,600.0
1241,Swindon Town,12.9,2022-04-12 23:54:57.246587,601.0
1242,Marumo Gallants,12.3,2022-04-12 23:54:57.246587,602.0
1243,Sekhukhune,12.1,2022-04-12 23:54:57.246587,603.0
1244,Maritzburg Utd,12.0,2022-04-12 23:54:57.246587,604.0
1245,Beijing Renhe,12.0,2022-04-12 23:54:57.246587,605.0
1246,Detroit City,11.8,2022-04-12 23:54:57.246587,606.0
1247,Sutton United,11.3,2022-04-12 23:54:57.246587,607.0
1248,Tranmere Rovers,10.6,2022-04-12 23:54:57.246587,608.0
1249,Morecambe,10.4,2022-04-12 23:54:57.246587,609.0
1250,Chippa United,10.1,2022-04-12 23:54:57.246587,610.0
1251,Indy Eleven,10.1,2022-04-12 23:54:57.246587,611.0
1252,Crawley Town,9.8,2022-04-12 23:54:57.246587,612.0
1253,Leyton Orient,9.7,2022-04-12 23:54:57.246587,613.0
1254,Moroka Swallows,9.6,2022-04-12 23:54:57.246587,614.0
1255,Wimbledon,9.4,2022-04-12 23:54:57.246587,615.0
1256,LA Galaxy II,9.2,2022-04-12 23:54:57.246587,616.0
1257,Gillingham,9.1,2022-04-12 23:54:57.246587,617.0
1258,Charleston,9.0,2022-04-12 23:54:57.246587,618.0
1259,Northampton,8.9,2022-04-12 23:54:57.246587,619.0
1260,TS Galaxy,8.6,2022-04-12 23:54:57.246587,620.0
1261,Monterey Bay,8.4,2022-04-12 23:54:57.246587,621.0
1262,Las Vegas Lights,8.3,2022-04-12 23:54:57.246587,622.0
1263,Baroka,8.3,2022-04-12 23:54:57.246587,623.0
1264,Atlanta United 2,7.8,2022-04-12 23:54:57.246587,624.0
1265,Bradford City,7.5,2022-04-12 23:54:57.246587,625.0
1266,Rochdale,7.3,2022-04-12 23:54:57.246587,626.0
1267,Doncaster,6.8,2022-04-12 23:54:57.246587,627.0
1268,Walsall,6.7,2022-04-12 23:54:57.246587,628.0
1269,Harrogate Town,6.7,2022-04-12 23:54:57.246587,629.0
1270,Colchester,6.6,2022-04-12 23:54:57.246587,630.0
1271,Barrow,6.6,2022-04-12 23:54:57.246587,631.0
1272,Carlisle United,6.6,2022-04-12 23:54:57.246587,632.0
1273,Oldham Athletic,6.6,2022-04-12 23:54:57.246587,633.0
1274,Loudoun United,6.5,2022-04-12 23:54:57.246587,634.0
1275,Crewe Alexandra,6.2,2022-04-12 23:54:57.246587,635.0
1276,Hartlepool,6.1,2022-04-12 23:54:57.246587,636.0
1277,NY Red Bulls II,6.0,2022-04-12 23:54:57.246587,637.0
1278,Stevenage,5.9,2022-04-12 23:54:57.246587,638.0
1279,Scunthorpe,3.3,2022-04-12 23:54:57.246587,639.0
1280,Man. City,93.4,2022-04-12 04:30:46.841847,640.0
1281,Liverpool,93.3,2022-04-12 04:30:46.841847,641.0
1282,Bayern Munich,92.8,2022-04-12 04:30:46.841847,642.0
1283,Chelsea,88.1,2022-04-12 04:30:46.841847,643.0
1284,Barcelona,85.8,2022-04-12 04:30:46.841847,644.0
1285,Real Madrid,85.0,2022-04-12 04:30:46.841847,645.0
1286,Ajax,84.9,2022-04-12 04:30:46.841847,646.0
1287,RB Leipzig,83.9,2022-04-12 04:30:46.841847,647.0
1288,PSG,83.6,2022-04-12 04:30:46.841847,648.0
1289,Inter Milan,82.1,2022-04-12 04:30:46.841847,649.0
1290,Tottenham,81.7,2022-04-12 04:30:46.841847,650.0
1291,Arsenal,81.3,2022-04-12 04:30:46.841847,651.0
1292,Dortmund,80.7,2022-04-12 04:30:46.841847,652.0
1293,Villarreal,79.9,2022-04-12 04:30:46.841847,653.0
1294,RB Salzburg,79.3,2022-04-12 04:30:46.841847,654.0
1295,Atlético Madrid,79.3,2022-04-12 04:30:46.841847,655.0
1296,Porto,79.2,2022-04-12 04:30:46.841847,656.0
1297,Man. United,78.3,2022-04-12 04:30:46.841847,657.0
1298,Athletic Bilbao,78.1,2022-04-12 04:30:46.841847,658.0
1299,Atalanta,77.2,2022-04-12 04:30:46.841847,659.0
1300,Leverkusen,77.1,2022-04-12 04:30:46.841847,660.0
1301,Sporting,76.8,2022-04-12 04:30:46.841847,661.0
1302,AC Milan,76.4,2022-04-12 04:30:46.841847,662.0
1303,Napoli,76.0,2022-04-12 04:30:46.841847,663.0
1304,Aston Villa,75.8,2022-04-12 04:30:46.841847,664.0
1305,Real Sociedad,75.6,2022-04-12 04:30:46.841847,665.0
1306,Real Betis,74.7,2022-04-12 04:30:46.841847,666.0
1307,Brighton,74.7,2022-04-12 04:30:46.841847,667.0
1308,PSV,74.6,2022-04-12 04:30:46.841847,668.0
1309,Crystal Palace,74.4,2022-04-12 04:30:46.841847,669.0
1310,Juventus,74.3,2022-04-12 04:30:46.841847,670.0
1311,Mainz,74.2,2022-04-12 04:30:46.841847,671.0
1312,Rennes,73.8,2022-04-12 04:30:46.841847,672.0
1313,Feyenoord,73.8,2022-04-12 04:30:46.841847,673.0
1314,Sevilla,73.5,2022-04-12 04:30:46.841847,674.0
1315,Benfica,73.4,2022-04-12 04:30:46.841847,675.0
1316,Fiorentina,73.4,2022-04-12 04:30:46.841847,676.0
1317,Celta Vigo,73.4,2022-04-12 04:30:46.841847,677.0
1318,Roma,73.3,2022-04-12 04:30:46.841847,678.0
1319,Lyon,73.1,2022-04-12 04:30:46.841847,679.0
1320,Lazio,73.0,2022-04-12 04:30:46.841847,680.0
1321,Brentford,72.1,2022-04-12 04:30:46.841847,681.0
1322,Monaco,72.0,2022-04-12 04:30:46.841847,682.0
1323,Lille,71.7,2022-04-12 04:30:46.841847,683.0
1324,Wolves,71.6,2022-04-12 04:30:46.841847,684.0
1325,West Ham,71.5,2022-04-12 04:30:46.841847,685.0
1326,Zenit,71.2,2022-04-12 04:30:46.841847,686.0
1327,Union Berlin,70.8,2022-04-12 04:30:46.841847,687.0
1328,Hoffenheim,70.7,2022-04-12 04:30:46.841847,688.0
1329,1. FC Köln,70.3,2022-04-12 04:30:46.841847,689.0
1330,SC Freiburg,70.2,2022-04-12 04:30:46.841847,690.0
1331,Strasbourg,69.9,2022-04-12 04:30:46.841847,691.0
1332,Gladbach,69.9,2022-04-12 04:30:46.841847,692.0
1333,Valencia,69.8,2022-04-12 04:30:46.841847,693.0
1334,Marseille,69.6,2022-04-12 04:30:46.841847,694.0
1335,Eintracht,69.5,2022-04-12 04:30:46.841847,695.0
1336,Leicester,69.5,2022-04-12 04:30:46.841847,696.0
1337,Getafe,69.1,2022-04-12 04:30:46.841847,697.0
1338,Celtic,69.1,2022-04-12 04:30:46.841847,698.0
1339,Osasuna,68.9,2022-04-12 04:30:46.841847,699.0
1340,Torino,68.0,2022-04-12 04:30:46.841847,700.0
1341,Udinese,67.6,2022-04-12 04:30:46.841847,701.0
1342,Flamengo,67.5,2022-04-12 04:30:46.841847,702.0
1343,Wolfsburg,67.2,2022-04-12 04:30:46.841847,703.0
1344,Newcastle,67.1,2022-04-12 04:30:46.841847,704.0
1345,VfL Bochum,66.8,2022-04-12 04:30:46.841847,705.0
1346,Rayo Vallecano,66.7,2022-04-12 04:30:46.841847,706.0
1347,Verona,66.6,2022-04-12 04:30:46.841847,707.0
1348,Southampton,66.3,2022-04-12 04:30:46.841847,708.0
1349,Dinamo Zagreb,64.9,2022-04-12 04:30:46.841847,709.0
1350,Braga,64.9,2022-04-12 04:30:46.841847,710.0
1351,Slavia Prague,64.8,2022-04-12 04:30:46.841847,711.0
1352,AZ Alkmaar,64.8,2022-04-12 04:30:46.841847,712.0
1353,Sassuolo,64.5,2022-04-12 04:30:46.841847,713.0
1354,Fulham,64.0,2022-04-12 04:30:46.841847,714.0
1355,Atlético Mineiro,64.0,2022-04-12 04:30:46.841847,715.0
1356,Rangers,64.0,2022-04-12 04:30:46.841847,716.0
1357,Club Brugge,63.7,2022-04-12 04:30:46.841847,717.0
1358,Shakhtar,63.7,2022-04-12 04:30:46.841847,718.0
1359,Leeds United,63.7,2022-04-12 04:30:46.841847,719.0
1360,VfB Stuttgart,63.1,2022-04-12 04:30:46.841847,720.0
1361,Espanyol,62.9,2022-04-12 04:30:46.841847,721.0
1362,FC Augsburg,62.9,2022-04-12 04:30:46.841847,722.0
1363,Palmeiras,62.8,2022-04-12 04:30:46.841847,723.0
1364,Everton,62.7,2022-04-12 04:30:46.841847,724.0
1365,Burnley,62.7,2022-04-12 04:30:46.841847,725.0
1366,Levante,62.6,2022-04-12 04:30:46.841847,726.0
1367,Twente,62.4,2022-04-12 04:30:46.841847,727.0
1368,Monterrey,62.1,2022-04-12 04:30:46.841847,728.0
1369,Mallorca,61.9,2022-04-12 04:30:46.841847,729.0
1370,River Plate,61.3,2022-04-12 04:30:46.841847,730.0
1371,Elche,61.2,2022-04-12 04:30:46.841847,731.0
1372,Nantes,61.2,2022-04-12 04:30:46.841847,732.0
1373,Lens,61.2,2022-04-12 04:30:46.841847,733.0
1374,Olympiacos,61.1,2022-04-12 04:30:46.841847,734.0
1375,Tigres UANL,60.9,2022-04-12 04:30:46.841847,735.0
1376,Anderlecht,60.9,2022-04-12 04:30:46.841847,736.0
1377,Nice,60.6,2022-04-12 04:30:46.841847,737.0
1378,Bologna,60.6,2022-04-12 04:30:46.841847,738.0
1379,Copenhagen,60.3,2022-04-12 04:30:46.841847,739.0
1380,Genk,59.9,2022-04-12 04:30:46.841847,740.0
1381,Cádiz,59.7,2022-04-12 04:30:46.841847,741.0
1382,Gent,59.6,2022-04-12 04:30:46.841847,742.0
1383,Utrecht,59.5,2022-04-12 04:30:46.841847,743.0
1384,Watford,59.0,2022-04-12 04:30:46.841847,744.0
1385,Dynamo Kiev,58.9,2022-04-12 04:30:46.841847,745.0
1386,Reims,58.4,2022-04-12 04:30:46.841847,746.0
1387,Fenerbahçe,57.6,2022-04-12 04:30:46.841847,747.0
1388,Bodø/Glimt,57.6,2022-04-12 04:30:46.841847,748.0
1389,Trabzonspor,57.3,2022-04-12 04:30:46.841847,749.0
1390,Club América,57.2,2022-04-12 04:30:46.841847,750.0
1391,Union SG,57.1,2022-04-12 04:30:46.841847,751.0
1392,Toulouse,57.0,2022-04-12 04:30:46.841847,752.0
1393,São Paulo,56.8,2022-04-12 04:30:46.841847,753.0
1394,Alavés,56.7,2022-04-12 04:30:46.841847,754.0
1395,Pachuca,56.7,2022-04-12 04:30:46.841847,755.0
1396,Brest,56.6,2022-04-12 04:30:46.841847,756.0
1397,Vitesse,56.5,2022-04-12 04:30:46.841847,757.0
1398,Red Star,56.4,2022-04-12 04:30:46.841847,758.0
1399,Hertha BSC,56.3,2022-04-12 04:30:46.841847,759.0
1400,Dinamo Moscow,56.3,2022-04-12 04:30:46.841847,760.0
1401,Gil Vicente,56.3,2022-04-12 04:30:46.841847,761.0
1402,Granada,56.1,2022-04-12 04:30:46.841847,762.0
1403,Boca Juniors,56.0,2022-04-12 04:30:46.841847,763.0
1404,Corinthians,55.9,2022-04-12 04:30:46.841847,764.0
1405,Krasnodar,55.7,2022-04-12 04:30:46.841847,765.0
1406,Angers,55.5,2022-04-12 04:30:46.841847,766.0
1407,Sparta Prague,55.3,2022-04-12 04:30:46.841847,767.0
1408,Montpellier,55.3,2022-04-12 04:30:46.841847,768.0
1409,Sampdoria,55.2,2022-04-12 04:30:46.841847,769.0
1410,CSKA Moscow,55.2,2022-04-12 04:30:46.841847,770.0
1411,Lorient,55.2,2022-04-12 04:30:46.841847,771.0
1412,Young Boys,55.1,2022-04-12 04:30:46.841847,772.0
1413,Cruz Azul,54.8,2022-04-12 04:30:46.841847,773.0
1414,Bournemouth,54.8,2022-04-12 04:30:46.841847,774.0
1415,Empoli,54.6,2022-04-12 04:30:46.841847,775.0
1416,Ferencváros,54.2,2022-04-12 04:30:46.841847,776.0
1417,Guimarães,54.1,2022-04-12 04:30:46.841847,777.0
1418,LAFC,53.7,2022-04-12 04:30:46.841847,778.0
1419,Norwich,53.7,2022-04-12 04:30:46.841847,779.0
1420,PAOK,53.7,2022-04-12 04:30:46.841847,780.0
1421,Kawasaki,53.7,2022-04-12 04:30:46.841847,781.0
1422,Troyes,53.5,2022-04-12 04:30:46.841847,782.0
1423,Fluminense,53.3,2022-04-12 04:30:46.841847,783.0
1424,Basel,53.0,2022-04-12 04:30:46.841847,784.0
1425,Sturm Graz,53.0,2022-04-12 04:30:46.841847,785.0
1426,Midtjylland,53.0,2022-04-12 04:30:46.841847,786.0
1427,Nottm Forest,53.0,2022-04-12 04:30:46.841847,787.0
1428,Molde,52.9,2022-04-12 04:30:46.841847,788.0
1429,Sochi,52.7,2022-04-12 04:30:46.841847,789.0
1430,Sheffield Utd,52.5,2022-04-12 04:30:46.841847,790.0
1431,Bragantino,52.4,2022-04-12 04:30:46.841847,791.0
1432,Spartak Moscow,52.1,2022-04-12 04:30:46.841847,792.0
1433,NYCFC,52.1,2022-04-12 04:30:46.841847,793.0
1434,Atlas,51.9,2022-04-12 04:30:46.841847,794.0
1435,Famalicão,51.8,2022-04-12 04:30:46.841847,795.0
1436,Santos Laguna,51.8,2022-04-12 04:30:46.841847,796.0
1437,LASK Linz,51.6,2022-04-12 04:30:46.841847,797.0
1438,Genoa,51.5,2022-04-12 04:30:46.841847,798.0
1439,Internacional,51.4,2022-04-12 04:30:46.841847,799.0
1440,Arminia,51.2,2022-04-12 04:30:46.841847,800.0
1441,Rapid Vienna,51.1,2022-04-12 04:30:46.841847,801.0
1442,Middlesbrough,51.0,2022-04-12 04:30:46.841847,802.0
1443,Cagliari,50.7,2022-04-12 04:30:46.841847,803.0
1444,Yokohama FM,50.7,2022-04-12 04:30:46.841847,804.0
1445,Partizan,50.3,2022-04-12 04:30:46.841847,805.0
1446,Maccabi Tel-Aviv,50.2,2022-04-12 04:30:46.841847,806.0
1447,Antwerp,50.2,2022-04-12 04:30:46.841847,807.0
1448,Spezia,50.0,2022-04-12 04:30:46.841847,808.0
1449,Greuther Fürth,49.8,2022-04-12 04:30:46.841847,809.0
1450,Legia Warsaw,49.8,2022-04-12 04:30:46.841847,810.0
1451,Santa Clara,49.7,2022-04-12 04:30:46.841847,811.0
1452,Justicia,49.3,2022-04-12 04:30:46.841847,812.0
1453,Coventry City,49.2,2022-04-12 04:30:46.841847,813.0
1454,Atlético-PR,48.8,2022-04-12 04:30:46.841847,814.0
1455,Werder Bremen,48.7,2022-04-12 04:30:46.841847,815.0
1456,Clermont,48.6,2022-04-12 04:30:46.841847,816.0
1457,Zürich,48.6,2022-04-12 04:30:46.841847,817.0
1458,América Mineiro,48.6,2022-04-12 04:30:46.841847,818.0
1459,Boavista,48.6,2022-04-12 04:30:46.841847,819.0
1460,Schalke 04,48.4,2022-04-12 04:30:46.841847,820.0
1461,Beşiktaş,48.4,2022-04-12 04:30:46.841847,821.0
1462,Groningen,48.3,2022-04-12 04:30:46.841847,822.0
1463,Luton Town,48.2,2022-04-12 04:30:46.841847,823.0
1464,Santos,48.0,2022-04-12 04:30:46.841847,824.0
1465,Guadalajara,48.0,2022-04-12 04:30:46.841847,825.0
1466,Fortaleza,47.9,2022-04-12 04:30:46.841847,826.0
1467,St Étienne,47.8,2022-04-12 04:30:46.841847,827.0
1468,West Brom,47.8,2022-04-12 04:30:46.841847,828.0
1469,León,47.8,2022-04-12 04:30:46.841847,829.0
1470,Puebla,47.7,2022-04-12 04:30:46.841847,830.0
1471,Portimonense,47.7,2022-04-12 04:30:46.841847,831.0
1472,Sheriff,47.7,2022-04-12 04:30:46.841847,832.0
1473,Kashima Antlers,47.7,2022-04-12 04:30:46.841847,833.0
1474,Ceará,47.7,2022-04-12 04:30:46.841847,834.0
1475,Estoril,47.6,2022-04-12 04:30:46.841847,835.0
1476,Philadelphia,47.5,2022-04-12 04:30:46.841847,836.0
1477,Başakşehir,47.4,2022-04-12 04:30:46.841847,837.0
1478,Austria Vienna,47.3,2022-04-12 04:30:46.841847,838.0
1479,Rosenborg,47.1,2022-04-12 04:30:46.841847,839.0
1480,Heerenveen,46.8,2022-04-12 04:30:46.841847,840.0
1481,Bordeaux,46.8,2022-04-12 04:30:46.841847,841.0
1482,Heracles,46.7,2022-04-12 04:30:46.841847,842.0
1483,Vélez Sarsfield,46.6,2022-04-12 04:30:46.841847,843.0
1484,Stoke City,46.6,2022-04-12 04:30:46.841847,844.0
1485,Charleroi,46.5,2022-04-12 04:30:46.841847,845.0
1486,Columbus,46.4,2022-04-12 04:30:46.841847,846.0
1487,Panathinaikos,46.4,2022-04-12 04:30:46.841847,847.0
1488,St. Gallen,46.3,2022-04-12 04:30:46.841847,848.0
1489,Hamburger SV,46.1,2022-04-12 04:30:46.841847,849.0
1490,Paços Ferreira,46.1,2022-04-12 04:30:46.841847,850.0
1491,Monza,46.0,2022-04-12 04:30:46.841847,851.0
1492,NY Red Bulls,45.9,2022-04-12 04:30:46.841847,852.0
1493,Demirspor,45.9,2022-04-12 04:30:46.841847,853.0
1494,Sint-Truidense,45.9,2022-04-12 04:30:46.841847,854.0
1495,Benevento,45.9,2022-04-12 04:30:46.841847,855.0
1496,Anorthosis,45.9,2022-04-12 04:30:46.841847,856.0
1497,AaB,45.8,2022-04-12 04:30:46.841847,857.0
1498,Qarabağ,45.7,2022-04-12 04:30:46.841847,858.0
1499,Rostov,45.7,2022-04-12 04:30:46.841847,859.0
1500,Mechelen,45.6,2022-04-12 04:30:46.841847,860.0
1501,Malmö,45.5,2022-04-12 04:30:46.841847,861.0
1502,Millwall,45.5,2022-04-12 04:30:46.841847,862.0
1503,Vizela,45.3,2022-04-12 04:30:46.841847,863.0
1504,Lokomotiv,45.2,2022-04-12 04:30:46.841847,864.0
1505,Krylia Sovetov,45.2,2022-04-12 04:30:46.841847,865.0
1506,Venezia,45.1,2022-04-12 04:30:46.841847,866.0
1507,Preston,45.0,2022-04-12 04:30:46.841847,867.0
1508,LA Galaxy,44.8,2022-04-12 04:30:46.841847,868.0
1509,Salernitana,44.5,2022-04-12 04:30:46.841847,869.0
1510,Konyaspor,44.5,2022-04-12 04:30:46.841847,870.0
1511,Hearts,44.4,2022-04-12 04:30:46.841847,871.0
1512,Alanyaspor,44.4,2022-04-12 04:30:46.841847,872.0
1513,Galatasaray,44.3,2022-04-12 04:30:46.841847,873.0
1514,Seattle,44.3,2022-04-12 04:30:46.841847,874.0
1515,CSKA Sofia,44.2,2022-04-12 04:30:46.841847,875.0
1516,Urawa Reds,44.2,2022-04-12 04:30:46.841847,876.0
1517,Blackburn,44.1,2022-04-12 04:30:46.841847,877.0
1518,Cercle Brugge,44.1,2022-04-12 04:30:46.841847,878.0
1519,Pumas UNAM,43.8,2022-04-12 04:30:46.841847,879.0
1520,Estudiantes,43.6,2022-04-12 04:30:46.841847,880.0
1521,Nashville,43.6,2022-04-12 04:30:46.841847,881.0
1522,Lecce,43.6,2022-04-12 04:30:46.841847,882.0
1523,New England,43.6,2022-04-12 04:30:46.841847,883.0
1524,CFR Cluj,43.3,2022-04-12 04:30:46.841847,884.0
1525,Huddersfield,43.2,2022-04-12 04:30:46.841847,885.0
1526,Argentinos,43.0,2022-04-12 04:30:46.841847,886.0
1527,Swansea City,42.9,2022-04-12 04:30:46.841847,887.0
1528,Silkeborg,42.9,2022-04-12 04:30:46.841847,888.0
1529,Kasımpaşa,42.6,2022-04-12 04:30:46.841847,889.0
1530,Guangzhou E.,42.6,2022-04-12 04:30:46.841847,890.0
1531,Darmstadt 98,42.6,2022-04-12 04:30:46.841847,891.0
1532,Omonia Nicosia,42.5,2022-04-12 04:30:46.841847,892.0
1533,NEC,42.4,2022-04-12 04:30:46.841847,893.0
1534,Orlando City,42.4,2022-04-12 04:30:46.841847,894.0
1535,Go Ahead,42.4,2022-04-12 04:30:46.841847,895.0
1536,Cardiff City,42.4,2022-04-12 04:30:46.841847,896.0
1537,Marítimo,42.3,2022-04-12 04:30:46.841847,897.0
1538,AEK Athens,42.3,2022-04-12 04:30:46.841847,898.0
1539,Sparta,42.2,2022-04-12 04:30:46.841847,899.0
1540,Valladolid,42.2,2022-04-12 04:30:46.841847,900.0
1541,Colorado,42.1,2022-04-12 04:30:46.841847,901.0
1542,Blackpool,42.1,2022-04-12 04:30:46.841847,902.0
1543,Moreirense,42.1,2022-04-12 04:30:46.841847,903.0
1544,Arouca,42.0,2022-04-12 04:30:46.841847,904.0
1545,Wolfsberg,41.9,2022-04-12 04:30:46.841847,905.0
1546,Akhmat Grozny,41.8,2022-04-12 04:30:46.841847,906.0
1547,Atlético,41.8,2022-04-12 04:30:46.841847,907.0
1548,Juventude,41.8,2022-04-12 04:30:46.841847,908.0
1549,Metz,41.7,2022-04-12 04:30:46.841847,909.0
1550,Ludogorets,41.7,2022-04-12 04:30:46.841847,910.0
1551,Talleres,41.7,2022-04-12 04:30:46.841847,911.0
1552,Viking,41.6,2022-04-12 04:30:46.841847,912.0
1553,Unión,41.6,2022-04-12 04:30:46.841847,913.0
1554,Atlanta,41.5,2022-04-12 04:30:46.841847,914.0
1555,Minnesota,41.4,2022-04-12 04:30:46.841847,915.0
1556,Cuiabá,41.4,2022-04-12 04:30:46.841847,916.0
1557,Lanús,41.4,2022-04-12 04:30:46.841847,917.0
1558,QPR,41.3,2022-04-12 04:30:46.841847,918.0
1559,Parma,41.3,2022-04-12 04:30:46.841847,919.0
1560,Brøndby,41.2,2022-04-12 04:30:46.841847,920.0
1561,Birmingham,41.2,2022-04-12 04:30:46.841847,921.0
1562,Almería,41.1,2022-04-12 04:30:46.841847,922.0
1563,Independiente,41.0,2022-04-12 04:30:46.841847,923.0
1564,Girona,40.9,2022-04-12 04:30:46.841847,924.0
1565,Coritiba,40.9,2022-04-12 04:30:46.841847,925.0
1566,FC Dallas,40.9,2022-04-12 04:30:46.841847,926.0
1567,Antalyaspor,40.7,2022-04-12 04:30:46.841847,927.0
1568,PEC Zwolle,40.7,2022-04-12 04:30:46.841847,928.0
1569,Hammarby,40.6,2022-04-12 04:30:46.841847,929.0
1570,Tijuana,40.6,2022-04-12 04:30:46.841847,930.0
1571,Slovan,40.5,2022-04-12 04:30:46.841847,931.0
1572,Sivasspor,40.3,2022-04-12 04:30:46.841847,932.0
1573,San Luis,40.3,2022-04-12 04:30:46.841847,933.0
1574,Aris,40.1,2022-04-12 04:30:46.841847,934.0
1575,Banfield,40.1,2022-04-12 04:30:46.841847,935.0
1576,Huracán,40.0,2022-04-12 04:30:46.841847,936.0
1577,Derby County,39.6,2022-04-12 04:30:46.841847,937.0
1578,Rubin Kazan,39.6,2022-04-12 04:30:46.841847,938.0
1579,Brescia,39.6,2022-04-12 04:30:46.841847,939.0
1580,Botafogo,39.6,2022-04-12 04:30:46.841847,940.0
1581,Fortuna,39.3,2022-04-12 04:30:46.841847,941.0
1582,Cerezo Osaka,39.3,2022-04-12 04:30:46.841847,942.0
1583,Vålerenga,39.3,2022-04-12 04:30:46.841847,943.0
1584,Necaxa,39.2,2022-04-12 04:30:46.841847,944.0
1585,Querétaro,39.0,2022-04-12 04:30:46.841847,945.0
1586,Beijing Guoan,39.0,2022-04-12 04:30:46.841847,946.0
1587,Huesca,38.7,2022-04-12 04:30:46.841847,947.0
1588,Randers,38.7,2022-04-12 04:30:46.841847,948.0
1589,Shanghai SIPG,38.6,2022-04-12 04:30:46.841847,949.0
1590,GFK,38.5,2022-04-12 04:30:46.841847,950.0
1591,AGF Aarhus,38.5,2022-04-12 04:30:46.841847,951.0
1592,Toluca,38.5,2022-04-12 04:30:46.841847,952.0
1593,Cremonese,38.4,2022-04-12 04:30:46.841847,953.0
1594,Zorya Luhansk,38.3,2022-04-12 04:30:46.841847,954.0
1595,Lillestrøm,38.3,2022-04-12 04:30:46.841847,955.0
1596,Central Córdoba,38.3,2022-04-12 04:30:46.841847,956.0
1597,Caen,38.2,2022-04-12 04:30:46.841847,957.0
1598,Auxerre,38.2,2022-04-12 04:30:46.841847,958.0
1599,FC Tokyo,38.1,2022-04-12 04:30:46.841847,959.0
1600,Avaí,38.0,2022-04-12 04:30:46.841847,960.0
1601,Hatayspor,38.0,2022-04-12 04:30:46.841847,961.0
1602,Goiás,37.8,2022-04-12 04:30:46.841847,962.0
1603,RKC,37.7,2022-04-12 04:30:46.841847,963.0
1604,Portland,37.5,2022-04-12 04:30:46.841847,964.0
1605,Dijon FCO,37.4,2022-04-12 04:30:46.841847,965.0
1606,Frosinone,37.4,2022-04-12 04:30:46.841847,966.0
1607,Tondela,37.4,2022-04-12 04:30:46.841847,967.0
1608,Sporting KC,37.4,2022-04-12 04:30:46.841847,968.0
1609,Karlsruher SC,37.3,2022-04-12 04:30:46.841847,969.0
1610,Paris FC,37.3,2022-04-12 04:30:46.841847,970.0
1611,Mazatlán,37.3,2022-04-12 04:30:46.841847,971.0
1612,Austin FC,37.3,2022-04-12 04:30:46.841847,972.0
1613,Real Salt Lake,37.3,2022-04-12 04:30:46.841847,973.0
1614,Rosario Central,37.3,2022-04-12 04:30:46.841847,974.0
1615,Kairat Almaty,37.2,2022-04-12 04:30:46.841847,975.0
1616,Vissel Kobe,37.1,2022-04-12 04:30:46.841847,976.0
1617,Montréal,37.0,2022-04-12 04:30:46.841847,977.0
1618,Las Palmas,37.0,2022-04-12 04:30:46.841847,978.0
1619,Racing,37.0,2022-04-12 04:30:46.841847,979.0
1620,Cambuur,36.9,2022-04-12 04:30:46.841847,980.0
1621,Hull City,36.9,2022-04-12 04:30:46.841847,981.0
1622,FC Khimki,36.9,2022-04-12 04:30:46.841847,982.0
1623,Nagoya,36.8,2022-04-12 04:30:46.841847,983.0
1624,Ural,36.6,2022-04-12 04:30:46.841847,984.0
1625,Flora,36.6,2022-04-12 04:30:46.841847,985.0
1626,FC St. Pauli,36.6,2022-04-12 04:30:46.841847,986.0
1627,Amiens,36.6,2022-04-12 04:30:46.841847,987.0
1628,Aberdeen,36.5,2022-04-12 04:30:46.841847,988.0
1629,Kortrijk,36.4,2022-04-12 04:30:46.841847,989.0
1630,Chicago,36.3,2022-04-12 04:30:46.841847,990.0
1631,SC Paderborn,36.2,2022-04-12 04:30:46.841847,991.0
1632,FC Juárez,36.1,2022-04-12 04:30:46.841847,992.0
1633,Bristol City,36.1,2022-04-12 04:30:46.841847,993.0
1634,Newell's,36.1,2022-04-12 04:30:46.841847,994.0
1635,Heidenheim,36.0,2022-04-12 04:30:46.841847,995.0
1636,Melbourne City,36.0,2022-04-12 04:30:46.841847,996.0
1637,Godoy Cruz,35.8,2022-04-12 04:30:46.841847,997.0
1638,Gimnasia,35.8,2022-04-12 04:30:46.841847,998.0
1639,Ross County,35.8,2022-04-12 04:30:46.841847,999.0
1640,Sanfrecce,35.8,2022-04-12 04:30:46.841847,1000.0
1641,Elfsborg,35.7,2022-04-12 04:30:46.841847,1001.0
1642,Lugano,35.6,2022-04-12 04:30:46.841847,1002.0
1643,Oviedo,35.5,2022-04-12 04:30:46.841847,1003.0
1644,Sochaux,35.5,2022-04-12 04:30:46.841847,1004.0
1645,Belenenses,35.3,2022-04-12 04:30:46.841847,1005.0
1646,Servette,35.3,2022-04-12 04:30:46.841847,1006.0
1647,D.C. United,35.2,2022-04-12 04:30:46.841847,1007.0
1648,San Lorenzo,35.0,2022-04-12 04:30:46.841847,1008.0
1649,SK Austria,35.0,2022-04-12 04:30:46.841847,1009.0
1650,Odense,35.0,2022-04-12 04:30:46.841847,1010.0
1651,Livingston,34.9,2022-04-12 04:30:46.841847,1011.0
1652,Ufa,34.7,2022-04-12 04:30:46.841847,1012.0
1653,Hartberg,34.7,2022-04-12 04:30:46.841847,1013.0
1654,Karagümrükspor,34.6,2022-04-12 04:30:46.841847,1014.0
1655,Tenerife,34.5,2022-04-12 04:30:46.841847,1015.0
1656,Kayserispor,34.5,2022-04-12 04:30:46.841847,1016.0
1657,AIK,34.5,2022-04-12 04:30:46.841847,1017.0
1658,Standard Liège,34.4,2022-04-12 04:30:46.841847,1018.0
1659,Ried,34.3,2022-04-12 04:30:46.841847,1019.0
1660,Djurgården,34.2,2022-04-12 04:30:46.841847,1020.0
1661,Fortuna Sittard,34.2,2022-04-12 04:30:46.841847,1021.0
1662,Viborg,34.2,2022-04-12 04:30:46.841847,1022.0
1663,Dundee Utd,34.1,2022-04-12 04:30:46.841847,1023.0
1664,Toronto FC,34.1,2022-04-12 04:30:46.841847,1024.0
1665,Vancouver,34.1,2022-04-12 04:30:46.841847,1025.0
1666,Colón,33.9,2022-04-12 04:30:46.841847,1026.0
1667,Hansa Rostock,33.7,2022-04-12 04:30:46.841847,1027.0
1668,Willem II,33.6,2022-04-12 04:30:46.841847,1028.0
1669,Hibernian,33.6,2022-04-12 04:30:46.841847,1029.0
1670,Nizhny Novgorod,33.5,2022-04-12 04:30:46.841847,1030.0
1671,Jablonec,33.5,2022-04-12 04:30:46.841847,1031.0
1672,Reading,33.5,2022-04-12 04:30:46.841847,1032.0
1673,Holstein Kiel,33.5,2022-04-12 04:30:46.841847,1033.0
1674,Platense,33.5,2022-04-12 04:30:46.841847,1034.0
1675,Sion,33.4,2022-04-12 04:30:46.841847,1035.0
1676,Cittadella,33.3,2022-04-12 04:30:46.841847,1036.0
1677,San Jose,33.2,2022-04-12 04:30:46.841847,1037.0
1678,NS Mura,33.2,2022-04-12 04:30:46.841847,1038.0
1679,Ascoli,33.1,2022-04-12 04:30:46.841847,1039.0
1680,Häcken,33.1,2022-04-12 04:30:46.841847,1040.0
1681,OH Leuven,33.0,2022-04-12 04:30:46.841847,1041.0
1682,Zaragoza,33.0,2022-04-12 04:30:46.841847,1042.0
1683,Mirandés,33.0,2022-04-12 04:30:46.841847,1043.0
1684,Giresunspor,32.9,2022-04-12 04:30:46.841847,1044.0
1685,Hannover 96,32.8,2022-04-12 04:30:46.841847,1045.0
1686,Leganés,32.8,2022-04-12 04:30:46.841847,1046.0
1687,Eibar,32.7,2022-04-12 04:30:46.841847,1047.0
1688,M. Sundowns,32.6,2022-04-12 04:30:46.841847,1048.0
1689,Pisa,32.6,2022-04-12 04:30:46.841847,1049.0
1690,Göteborg,32.5,2022-04-12 04:30:46.841847,1050.0
1691,Nürnberg,32.5,2022-04-12 04:30:46.841847,1051.0
1692,Sheffield Wed.,32.4,2022-04-12 04:30:46.841847,1052.0
1693,Motherwell,32.4,2022-04-12 04:30:46.841847,1053.0
1694,Asteras Tripoli,32.4,2022-04-12 04:30:46.841847,1054.0
1695,Kashiwa Reysol,32.4,2022-04-12 04:30:46.841847,1055.0
1696,Nordsjælland,32.3,2022-04-12 04:30:46.841847,1056.0
1697,Patronato,32.2,2022-04-12 04:30:46.841847,1057.0
1698,Grasshoppers,32.2,2022-04-12 04:30:46.841847,1058.0
1699,Oostende,32.0,2022-04-12 04:30:46.841847,1059.0
1700,Ternana,32.0,2022-04-12 04:30:46.841847,1060.0
1701,Admira,31.9,2022-04-12 04:30:46.841847,1061.0
1702,Gamba Osaka,31.8,2022-04-12 04:30:46.841847,1062.0
1703,Perugia,31.7,2022-04-12 04:30:46.841847,1063.0
1704,Jiangsu Suning,31.7,2022-04-12 04:30:46.841847,1064.0
1705,Guingamp,31.7,2022-04-12 04:30:46.841847,1065.0
1706,Barnsley,31.6,2022-04-12 04:30:46.841847,1066.0
1707,WSG Tirol,31.6,2022-04-12 04:30:46.841847,1067.0
1708,Regensburg,31.6,2022-04-12 04:30:46.841847,1068.0
1709,Cartagena,31.5,2022-04-12 04:30:46.841847,1069.0
1710,OFI,31.5,2022-04-12 04:30:46.841847,1070.0
1711,AC Ajaccio,31.5,2022-04-12 04:30:46.841847,1071.0
1712,Luzern,31.4,2022-04-12 04:30:46.841847,1072.0
1713,Sarmiento,31.2,2022-04-12 04:30:46.841847,1073.0
1714,Shandong,31.1,2022-04-12 04:30:46.841847,1074.0
1715,Nîmes,31.1,2022-04-12 04:30:46.841847,1075.0
1716,Sagan Tosu,30.8,2022-04-12 04:30:46.841847,1076.0
1717,MK Dons,30.7,2022-04-12 04:30:46.841847,1077.0
1718,Norrköping,30.6,2022-04-12 04:30:46.841847,1078.0
1719,Como,30.5,2022-04-12 04:30:46.841847,1079.0
1720,Giannina,30.5,2022-04-12 04:30:46.841847,1080.0
1721,Consa,30.4,2022-04-12 04:30:46.841847,1081.0
1722,Oxford United,30.2,2022-04-12 04:30:46.841847,1082.0
1723,Ionikos,30.1,2022-04-12 04:30:46.841847,1083.0
1724,Wigan,30.1,2022-04-12 04:30:46.841847,1084.0
1725,Ibiza,30.0,2022-04-12 04:30:46.841847,1085.0
1726,Houston,29.7,2022-04-12 04:30:46.841847,1086.0
1727,Sydney FC,29.6,2022-04-12 04:30:46.841847,1087.0
1728,Sporting Gijón,29.5,2022-04-12 04:30:46.841847,1088.0
1729,Charlotte FC,29.3,2022-04-12 04:30:46.841847,1089.0
1730,Pau,29.2,2022-04-12 04:30:46.841847,1090.0
1731,Strømsgodset,29.2,2022-04-12 04:30:46.841847,1091.0
1732,Lugo,29.1,2022-04-12 04:30:46.841847,1092.0
1733,HJK Helsinki,29.1,2022-04-12 04:30:46.841847,1093.0
1734,Aalesund,29.0,2022-04-12 04:30:46.841847,1094.0
1735,Göztepe,28.9,2022-04-12 04:30:46.841847,1095.0
1736,Arsenal Tula,28.9,2022-04-12 04:30:46.841847,1096.0
1737,Maccabi Haifa,28.8,2022-04-12 04:30:46.841847,1097.0
1738,Avispa Fukuoka,28.8,2022-04-12 04:30:46.841847,1098.0
1739,Mjällby,28.8,2022-04-12 04:30:46.841847,1099.0
1740,Inter Miami,28.7,2022-04-12 04:30:46.841847,1100.0
1741,Bastia,28.6,2022-04-12 04:30:46.841847,1101.0
1742,Zulte Waregem,28.6,2022-04-12 04:30:46.841847,1102.0
1743,Volos,28.5,2022-04-12 04:30:46.841847,1103.0
1744,Sarpsborg,28.5,2022-04-12 04:30:46.841847,1104.0
1745,Rizespor,28.4,2022-04-12 04:30:46.841847,1105.0
1746,Burgos,28.0,2022-04-12 04:30:46.841847,1106.0
1747,Sunderland,27.8,2022-04-12 04:30:46.841847,1107.0
1748,Odd,27.7,2022-04-12 04:30:46.841847,1108.0
1749,Alcorcón,27.6,2022-04-12 04:30:46.841847,1109.0
1750,Arsenal,27.4,2022-04-12 04:30:46.841847,1110.0
1751,Shimizu S-Pulse,27.4,2022-04-12 04:30:46.841847,1111.0
1752,FC Cincinnati,27.4,2022-04-12 04:30:46.841847,1112.0
1753,San Antonio,27.4,2022-04-12 04:30:46.841847,1113.0
1754,Rotherham,27.4,2022-04-12 04:30:46.841847,1114.0
1755,SV Sandhausen,27.3,2022-04-12 04:30:46.841847,1115.0
1756,Atlético,27.1,2022-04-12 04:30:46.841847,1116.0
1757,Kaizer Chiefs,27.1,2022-04-12 04:30:46.841847,1117.0
1758,Altay,27.0,2022-04-12 04:30:46.841847,1118.0
1759,Amorebieta,27.0,2022-04-12 04:30:46.841847,1119.0
1760,Phoenix Rising,26.7,2022-04-12 04:30:46.841847,1120.0
1761,Wycombe,26.7,2022-04-12 04:30:46.841847,1121.0
1762,Plymouth Argyle,26.6,2022-04-12 04:30:46.841847,1122.0
1763,Le Havre,26.6,2022-04-12 04:30:46.841847,1123.0
1764,Dynamo Dresden,26.6,2022-04-12 04:30:46.841847,1124.0
1765,Eupen,26.5,2022-04-12 04:30:46.841847,1125.0
1766,Ipswich Town,26.5,2022-04-12 04:30:46.841847,1126.0
1767,Niort,26.4,2022-04-12 04:30:46.841847,1127.0
1768,St Mirren,26.4,2022-04-12 04:30:46.841847,1128.0
1769,Haugesund,26.4,2022-04-12 04:30:46.841847,1129.0
1770,Bolton,26.4,2022-04-12 04:30:46.841847,1130.0
1771,Kalmar,26.4,2022-04-12 04:30:46.841847,1131.0
1772,Beerschot,26.3,2022-04-12 04:30:46.841847,1132.0
1773,Kristiansund,26.2,2022-04-12 04:30:46.841847,1133.0
1774,St Johnstone,26.2,2022-04-12 04:30:46.841847,1134.0
1775,Kyoto Purple Sanga,26.0,2022-04-12 04:30:46.841847,1135.0
1776,Atromitos,25.8,2022-04-12 04:30:46.841847,1136.0
1777,Dundee,25.8,2022-04-12 04:30:46.841847,1137.0
1778,SPAL,25.6,2022-04-12 04:30:46.841847,1138.0
1779,Peterborough,25.5,2022-04-12 04:30:46.841847,1139.0
1780,Ponferradina,25.4,2022-04-12 04:30:46.841847,1140.0
1781,Newcastle Jets,25.3,2022-04-12 04:30:46.841847,1141.0
1782,Lausanne-Sport,25.3,2022-04-12 04:30:46.841847,1142.0
1783,Melbourne Vic,25.3,2022-04-12 04:30:46.841847,1143.0
1784,Vejle,25.2,2022-04-12 04:30:46.841847,1144.0
1785,Portsmouth,25.2,2022-04-12 04:30:46.841847,1145.0
1786,Rheindorf Altach,25.1,2022-04-12 04:30:46.841847,1146.0
1787,Reggina,24.8,2022-04-12 04:30:46.841847,1147.0
1788,Panetolikos,24.7,2022-04-12 04:30:46.841847,1148.0
1789,Crotone,24.5,2022-04-12 04:30:46.841847,1149.0
1790,Real Sociedad B,24.4,2022-04-12 04:30:46.841847,1150.0
1791,Aldosivi,24.4,2022-04-12 04:30:46.841847,1151.0
1792,Ingolstadt,24.3,2022-04-12 04:30:46.841847,1152.0
1793,SønderjyskE,24.3,2022-04-12 04:30:46.841847,1153.0
1794,Valenciennes,24.2,2022-04-12 04:30:46.841847,1154.0
1795,Tampa Bay,24.2,2022-04-12 04:30:46.841847,1155.0
1796,Júbilo Iwata,24.2,2022-04-12 04:30:46.841847,1156.0
1797,Sandefjord,24.0,2022-04-12 04:30:46.841847,1157.0
1798,San Diego Loyal,23.5,2022-04-12 04:30:46.841847,1158.0
1799,Málaga,23.3,2022-04-12 04:30:46.841847,1159.0
1800,Tianjin Teda,23.1,2022-04-12 04:30:46.841847,1160.0
1801,Louisville City,23.1,2022-04-12 04:30:46.841847,1161.0
1802,Fuenlabrada,22.8,2022-04-12 04:30:46.841847,1162.0
1803,Y. Malatyaspor,22.6,2022-04-12 04:30:46.841847,1163.0
1804,Sirius,22.6,2022-04-12 04:30:46.841847,1164.0
1805,Tromsø,22.6,2022-04-12 04:30:46.841847,1165.0
1806,Grenoble,22.6,2022-04-12 04:30:46.841847,1166.0
1807,Orlando Pirates,22.3,2022-04-12 04:30:46.841847,1167.0
1808,Western Sydney,22.1,2022-04-12 04:30:46.841847,1168.0
1809,Shrewsbury,21.7,2022-04-12 04:30:46.841847,1169.0
1810,Macarthur FC,21.6,2022-04-12 04:30:46.841847,1170.0
1811,Vicenza,21.5,2022-04-12 04:30:46.841847,1171.0
1812,Shenhua,21.5,2022-04-12 04:30:46.841847,1172.0
1813,Shonan,21.4,2022-04-12 04:30:46.841847,1173.0
1814,Adelaide United,21.4,2022-04-12 04:30:46.841847,1174.0
1815,El Paso,21.4,2022-04-12 04:30:46.841847,1175.0
1816,Erzgebirge Aue,21.3,2022-04-12 04:30:46.841847,1176.0
1817,Seraing,21.0,2022-04-12 04:30:46.841847,1177.0
1818,C.S. Switchbacks,21.0,2022-04-12 04:30:46.841847,1178.0
1819,Henan Jianye,20.9,2022-04-12 04:30:46.841847,1179.0
1820,Hebei CF,20.9,2022-04-12 04:30:46.841847,1180.0
1821,HamKam,20.8,2022-04-12 04:30:46.841847,1181.0
1822,Varbergs BoIS,20.7,2022-04-12 04:30:46.841847,1182.0
1823,Orange County,20.7,2022-04-12 04:30:46.841847,1183.0
1824,SuperSport Utd,20.5,2022-04-12 04:30:46.841847,1184.0
1825,New Mexico,20.4,2022-04-12 04:30:46.841847,1185.0
1826,Sacramento,20.1,2022-04-12 04:30:46.841847,1186.0
1827,Pittsburgh,19.9,2022-04-12 04:30:46.841847,1187.0
1828,Alashkert FC,19.9,2022-04-12 04:30:46.841847,1188.0
1829,Dalian Yifang,19.9,2022-04-12 04:30:46.841847,1189.0
1830,Cape Town City,19.9,2022-04-12 04:30:46.841847,1190.0
1831,Wuhan Zall,19.9,2022-04-12 04:30:46.841847,1191.0
1832,Charlton Athletic,19.7,2022-04-12 04:30:46.841847,1192.0
1833,Alessandria,19.7,2022-04-12 04:30:46.841847,1193.0
1834,Western United,19.5,2022-04-12 04:30:46.841847,1194.0
1835,Rodez,19.4,2022-04-12 04:30:46.841847,1195.0
1836,Nancy,19.2,2022-04-12 04:30:46.841847,1196.0
1837,Dunkerque,19.1,2022-04-12 04:30:46.841847,1197.0
1838,Brisbane Roar,19.0,2022-04-12 04:30:46.841847,1198.0
1839,C.C. Mariners,18.7,2022-04-12 04:30:46.841847,1199.0
1840,Guangzhou R&F,18.6,2022-04-12 04:30:46.841847,1200.0
1841,Lincoln City,18.6,2022-04-12 04:30:46.841847,1201.0
1842,Pordenone,18.5,2022-04-12 04:30:46.841847,1202.0
1843,Cheltenham,18.3,2022-04-12 04:30:46.841847,1203.0
1844,Birmingham,18.3,2022-04-12 04:30:46.841847,1204.0
1845,Degerfors,18.2,2022-04-12 04:30:46.841847,1205.0
1846,US Quevilly,17.8,2022-04-12 04:30:46.841847,1206.0
1847,The Miami FC,17.7,2022-04-12 04:30:46.841847,1207.0
1848,Chongqing Lifan,17.5,2022-04-12 04:30:46.841847,1208.0
1849,Lamia,17.3,2022-04-12 04:30:46.841847,1209.0
1850,Cosenza,17.2,2022-04-12 04:30:46.841847,1210.0
1851,Tianjin Quanjian,17.1,2022-04-12 04:30:46.841847,1211.0
1852,W. Phoenix,17.0,2022-04-12 04:30:46.841847,1212.0
1853,Bloem Celtic,17.0,2022-04-12 04:30:46.841847,1213.0
1854,Shenzhen,16.7,2022-04-12 04:30:46.841847,1214.0
1855,Jerv,16.4,2022-04-12 04:30:46.841847,1215.0
1856,Helsingborgs,16.1,2022-04-12 04:30:46.841847,1216.0
1857,Värnamo,15.9,2022-04-12 04:30:46.841847,1217.0
1858,RGV Toros,15.9,2022-04-12 04:30:46.841847,1218.0
1859,Port Vale,15.7,2022-04-12 04:30:46.841847,1219.0
1860,Golden Arrows,15.4,2022-04-12 04:30:46.841847,1220.0
1861,Bristol Rovers,15.2,2022-04-12 04:30:46.841847,1221.0
1862,Salford City,15.2,2022-04-12 04:30:46.841847,1222.0
1863,Forest Green,15.1,2022-04-12 04:30:46.841847,1223.0
1864,Perth Glory,14.9,2022-04-12 04:30:46.841847,1224.0
1865,Mansfield Town,14.7,2022-04-12 04:30:46.841847,1225.0
1866,Sundsvall,14.7,2022-04-12 04:30:46.841847,1226.0
1867,Cambridge,14.5,2022-04-12 04:30:46.841847,1227.0
1868,Stanley,14.4,2022-04-12 04:30:46.841847,1228.0
1869,Burton Albion,14.4,2022-04-12 04:30:46.841847,1229.0
1870,Memphis 901,14.4,2022-04-12 04:30:46.841847,1230.0
1871,Stellenbosch,14.3,2022-04-12 04:30:46.841847,1231.0
1872,FC Tulsa,14.2,2022-04-12 04:30:46.841847,1232.0
1873,Oakland Roots,14.1,2022-04-12 04:30:46.841847,1233.0
1874,Fleetwood Town,14.1,2022-04-12 04:30:46.841847,1234.0
1875,Lincoln Red Imps,14.0,2022-04-12 04:30:46.841847,1235.0
1876,Exeter City,13.9,2022-04-12 04:30:46.841847,1236.0
1877,AmaZulu,13.5,2022-04-12 04:30:46.841847,1237.0
1878,Apollon Smyrni,13.3,2022-04-12 04:30:46.841847,1238.0
1879,Hartford Athletic,13.2,2022-04-12 04:30:46.841847,1239.0
1880,Newport County,12.9,2022-04-12 04:30:46.841847,1240.0
1881,Swindon Town,12.9,2022-04-12 04:30:46.841847,1241.0
1882,Marumo Gallants,12.3,2022-04-12 04:30:46.841847,1242.0
1883,Sekhukhune,12.1,2022-04-12 04:30:46.841847,1243.0
1884,Maritzburg Utd,12.1,2022-04-12 04:30:46.841847,1244.0
1885,Beijing Renhe,12.0,2022-04-12 04:30:46.841847,1245.0
1886,Detroit City,11.8,2022-04-12 04:30:46.841847,1246.0
1887,Sutton United,11.3,2022-04-12 04:30:46.841847,1247.0
1888,Tranmere Rovers,10.6,2022-04-12 04:30:46.841847,1248.0
1889,Morecambe,10.4,2022-04-12 04:30:46.841847,1249.0
1890,Chippa United,10.1,2022-04-12 04:30:46.841847,1250.0
1891,Indy Eleven,10.1,2022-04-12 04:30:46.841847,1251.0
1892,Crawley Town,9.8,2022-04-12 04:30:46.841847,1252.0
1893,Leyton Orient,9.7,2022-04-12 04:30:46.841847,1253.0
1894,Moroka Swallows,9.5,2022-04-12 04:30:46.841847,1254.0
1895,Wimbledon,9.4,2022-04-12 04:30:46.841847,1255.0
1896,LA Galaxy II,9.2,2022-04-12 04:30:46.841847,1256.0
1897,Gillingham,9.1,2022-04-12 04:30:46.841847,1257.0
1898,Charleston,9.0,2022-04-12 04:30:46.841847,1258.0
1899,Northampton,8.9,2022-04-12 04:30:46.841847,1259.0
1900,TS Galaxy,8.6,2022-04-12 04:30:46.841847,1260.0
1901,Monterey Bay,8.4,2022-04-12 04:30:46.841847,1261.0
1902,Las Vegas Lights,8.3,2022-04-12 04:30:46.841847,1262.0
1903,Baroka,8.0,2022-04-12 04:30:46.841847,1263.0
1904,Atlanta United 2,7.8,2022-04-12 04:30:46.841847,1264.0
1905,Bradford City,7.5,2022-04-12 04:30:46.841847,1265.0
1906,Rochdale,7.3,2022-04-12 04:30:46.841847,1266.0
1907,Doncaster,6.8,2022-04-12 04:30:46.841847,1267.0
1908,Walsall,6.7,2022-04-12 04:30:46.841847,1268.0
1909,Harrogate Town,6.7,2022-04-12 04:30:46.841847,1269.0
1910,Colchester,6.6,2022-04-12 04:30:46.841847,1270.0
1911,Barrow,6.6,2022-04-12 04:30:46.841847,1271.0
1912,Carlisle United,6.6,2022-04-12 04:30:46.841847,1272.0
1913,Oldham Athletic,6.6,2022-04-12 04:30:46.841847,1273.0
1914,Loudoun United,6.5,2022-04-12 04:30:46.841847,1274.0
1915,Crewe Alexandra,6.2,2022-04-12 04:30:46.841847,1275.0
1916,Hartlepool,6.1,2022-04-12 04:30:46.841847,1276.0
1917,NY Red Bulls II,6.0,2022-04-12 04:30:46.841847,1277.0
1918,Stevenage,5.9,2022-04-12 04:30:46.841847,1278.0
1919,Scunthorpe,3.3,2022-04-12 04:30:46.841847,1279.0
